{"matrix_with_context":[[1,0.019560431003895665,0,0,0,0,0,0,0,0,0,0],[0.019560431003895665,1,0,0,0.0040555704522478525,0.0048296546113252709,0.03753427281233495,0.0058489631431305625,0.027346467968911305,0.019560431003895665,0.019560431003895665,0.019560431003895665],[0,0,1,0.64498740176247749,0,0,0,0,0,0,0,0],[0,0,0.64498740176247749,1,0,0,0,0,0,0,0,0],[0,0.0040555704522478525,0,0,1,0.81246436674032907,0.82456797807736715,0.84954912628525936,0.25218762567544,0.74794679924355634,0.72625338056190414,0.71395404202537516],[0,0.0048296546113252709,0,0,0.81246436674032907,1,0.9109175168146969,0.91785296792380566,0.32568784022388853,0.85955267948711633,0.84589079041384407,0.83801418019047558],[0,0.03753427281233495,0,0,0.82456797807736715,0.9109175168146969,1,1,0.58348764142472931,1,1,1],[0,0.0058489631431305625,0,0,0.84954912628525936,0.91785296792380566,1,1,0.43942422276410337,1,1,1],[0,0.027346467968911305,0,0,0.25218762567544,0.32568784022388853,0.58348764142472931,0.43942422276410337,1,0.83801418019047558,0.8337666549946805,0.82456797807736715],[0,0.019560431003895665,0,0,0.74794679924355634,0.85955267948711633,1,1,0.83801418019047558,1,1,1],[0,0.019560431003895665,0,0,0.72625338056190414,0.84589079041384407,1,1,0.8337666549946805,1,1,1],[0,0.019560431003895665,0,0,0.71395404202537516,0.83801418019047558,1,1,0.82456797807736715,1,1,1]],"matrix_without_context":[[1,0.12276874354363791,0.0091647995840171727,0,0.0072294319155411183,0,0,0,0,0,0,0],[0.12276874354363791,1,0.023750919969273782,0,0.049501276671065977,0.0072294319155411183,0.049501276671065977,0,0.023750919969273782,0,0,0],[0.0091647995840171727,0.023750919969273782,1,0.782466108322267,0.03753427281233495,0,0,0.0072294319155411183,0,0,0,0],[0,0,0.782466108322267,1,0.03753427281233495,0,0,0.0072294319155411183,0,0,0,0],[0.0072294319155411183,0.049501276671065977,0.03753427281233495,0.03753427281233495,1,0.28526904819372234,0.3578733656260219,0.20557609966576662,0.0091647995840171727,0,0,0],[0,0.0072294319155411183,0,0,0.28526904819372234,1,0.32568784022388853,0.11734011782473977,0.0048296546113252709,0,0,0.016392641167004989],[0,0.049501276671065977,0,0,0.3578733656260219,0.32568784022388853,1,0.12276874354363791,0.13816512106135553,0.16529617667111993,0.10097928530584227,0.25218762567544],[0,0,0.0072294319155411183,0.0072294319155411183,0.20557609966576662,0.11734011782473977,0.12276874354363791,1,0.0034538575892268568,0,0,0.0091647995840171727],[0,0.023750919969273782,0,0,0.0091647995840171727,0.0048296546113252709,0.13816512106135553,0.0034538575892268568,1,0.35165932462127825,0.27812910984475858,0.41963602566300873],[0,0,0,0,0,0,0.16529617667111993,0,0.35165932462127825,1,0.91335582996733766,1],[0,0,0,0,0,0,0.10097928530584227,0,0.27812910984475858,0.91335582996733766,1,0.89961885562938126],[0,0,0,0,0,0.016392641167004989,0.25218762567544,0.0091647995840171727,0.41963602566300873,1,0.89961885562938126,1]]}