{"matrix_with_context":[[1,0.011999098976908526,0.021502510740885192,0,0.016392641167004989,0.0034538575892268568,0,0],[0.011999098976908526,1,0.030850684986610762,0,0.0048296546113252709,0.0034538575892268568,0,0],[0.021502510740885192,0.030850684986610762,1,0,0.03753427281233495,0.0040555704522478525,0,0],[0,0,0,1,0.1957469410690782,0.023750919969273782,0.1957469410690782,0.0022777924281824243],[0.016392641167004989,0.0048296546113252709,0.03753427281233495,0.1957469410690782,1,0.55468612964981845,0.76646943453263383,0.027346467968911305],[0.0034538575892268568,0.0034538575892268568,0.0040555704522478525,0.023750919969273782,0.55468612964981845,1,0.52173098990921374,0.033128761365810756],[0,0,0,0.1957469410690782,0.76646943453263383,0.52173098990921374,1,0.059701327867116627],[0,0,0,0.0022777924281824243,0.027346467968911305,0.033128761365810756,0.059701327867116627,1]],"matrix_without_context":[[1,0.068393360620739807,0.0072294319155411183,0.0025923195846382528,0.029461036605717937,0,0.011999098976908526,0],[0.068393360620739807,1,0.068393360620739807,0.0025923195846382528,0.16529617667111993,0.044938057663749864,0.16529617667111993,0],[0.0072294319155411183,0.068393360620739807,1,0.0034538575892268568,0.087874376711873176,0.22473070243894697,0.21042811478322881,0],[0.0025923195846382528,0.0025923195846382528,0.0034538575892268568,1,0.0040555704522478525,0,0,0],[0.029461036605717937,0.16529617667111993,0.087874376711873176,0.0040555704522478525,1,0.32568784022388853,0.367993311389692,0.011999098976908526],[0,0.044938057663749864,0.22473070243894697,0,0.32568784022388853,1,0.32568784022388853,0],[0.011999098976908526,0.16529617667111993,0.21042811478322881,0,0.367993311389692,0.32568784022388853,1,0.016392641167004989],[0,0,0,0,0.011999098976908526,0,0.016392641167004989,1]]}