{"matrix_with_context":[[1,0,0,0,0],[0,1,0,0,0],[0,0,1,0,0],[0,0,0,1,0],[0,0,0,0,1]],"matrix_without_context":[[1,0.92416975091663067,1,1,1],[0.92416975091663067,1,0.041321164479294209,0.038473603156767455,0.01775048332897999],[1,0.041321164479294209,1,1,1],[1,0.038473603156767455,1,1,1],[1,0.01775048332897999,1,1,1]]}