{"matrix_with_context":[[1,1,1,0.63135375081592382,0.016392641167004989,0,0,0],[1,1,1,0.63135375081592382,0.016392641167004989,0,0,0],[1,1,1,0.88071027878047436,0,0.011999098976908526,0,0],[0.63135375081592382,0.63135375081592382,0.88071027878047436,1,0,0.0091647995840171727,0,0],[0.016392641167004989,0.016392641167004989,0,0,1,0.18208010279087045,0,0],[0,0,0.011999098976908526,0.0091647995840171727,0.18208010279087045,1,0,0],[0,0,0,0,0,0,1,0.64498740176247749],[0,0,0,0,0,0,0.64498740176247749,1]],"matrix_without_context":[[1,0.90270379534291678,0.49700969553598839,0.58348764142472931,0.068393360620739807,0.03753427281233495,0,1],[0.90270379534291678,1,0.43942422276410337,0.49700969553598839,0.049501276671065977,0.023750919969273782,0,0],[0.49700969553598839,0.43942422276410337,1,0.56075318675449481,0,0.011999098976908526,0,0],[0.58348764142472931,0.49700969553598839,0.56075318675449481,1,0,0,0,0],[0.068393360620739807,0.049501276671065977,0,0,1,0.11033862621988332,0,0],[0.03753427281233495,0.023750919969273782,0.011999098976908526,0,0.11033862621988332,1,0,0],[0,0,0,0,0,0,1,0.66946987211284359],[1,0,0,0,0,0,0.66946987211284359,1]]}