{"matrix_with_context":[[1,0.76060379900416775,0.8337666549946805,0.81429444204748158,0.8337666549946805,0.81957697688458475,0.30850382211040417,0.56075318675449481,0.16529617667111993],[0.76060379900416775,1,0.94195751511670334,0.93478051224678316,0.94195751511670334,0.94195751511670334,0.41074869606557912,0.700507010760774,0.19148399940098593],[0.8337666549946805,0.94195751511670334,1,1,1,1,0.46970564488467387,0.75443744939597512,0.25218762567544],[0.81429444204748158,0.93478051224678316,1,1,1,1,0.43942422276410337,0.73388534398155536,0.22473070243894697],[0.8337666549946805,0.94195751511670334,1,1,1,1,0.45496440993935694,0.76060379900416775,0.22473070243894697],[0.81957697688458475,0.94195751511670334,1,1,1,1,0.45496440993935694,0.75443744939597512,0.22473070243894697],[0.30850382211040417,0.41074869606557912,0.46970564488467387,0.43942422276410337,0.45496440993935694,0.45496440993935694,1,0.38104164049049827,0.22473070243894697],[0.56075318675449481,0.700507010760774,0.75443744939597512,0.73388534398155536,0.76060379900416775,0.75443744939597512,0.38104164049049827,1,0.16529617667111993],[0.16529617667111993,0.19148399940098593,0.25218762567544,0.22473070243894697,0.22473070243894697,0.22473070243894697,0.22473070243894697,0.16529617667111993,1]],"matrix_without_context":[[1,0.81957697688458475,0.84589079041384407,0.65143769059785506,0.84589079041384407,1,0.16529617667111993,0.782466108322267,0.10097928530584227],[0.81957697688458475,1,0.66946987211284359,0.63135375081592382,0.782466108322267,0.86551495514281218,0.22473070243894697,0.58348764142472931,0.11734011782473977],[0.84589079041384407,0.66946987211284359,1,0.718173939325141,0.72625338056190414,0.82929087416122771,0.13356650750221294,0.52173098990921374,0.11734011782473977],[0.65143769059785506,0.63135375081592382,0.718173939325141,1,0.700507010760774,0.75755963235550883,0.28526904819372234,0.40570061213457737,0.23589722086215964],[0.84589079041384407,0.782466108322267,0.72625338056190414,0.700507010760774,1,0.9237868937967405,0.34745605695383575,0.66946987211284359,0.21042811478322881],[1,0.86551495514281218,0.82929087416122771,0.75755963235550883,0.9237868937967405,1,0.32568784022388853,0.74794679924355634,0.22473070243894697],[0.16529617667111993,0.22473070243894697,0.13356650750221294,0.28526904819372234,0.34745605695383575,0.32568784022388853,1,0.1957469410690782,0.32568784022388853],[0.782466108322267,0.58348764142472931,0.52173098990921374,0.40570061213457737,0.66946987211284359,0.74794679924355634,0.1957469410690782,1,0.16529617667111993],[0.10097928530584227,0.11734011782473977,0.11734011782473977,0.23589722086215964,0.21042811478322881,0.22473070243894697,0.32568784022388853,0.16529617667111993,1]]}