{"matrix_with_context":[[1,0,0,0,0,0,0.010438766674641539,0.0048296546113252709,0.0048296546113252709,0.0040555704522478525,0.0017989992091617679,0],[0,1,0.81957697688458475,0.89633202970679726,0.016392641167004989,0.81429444204748158,0,0,0,0,0.0072294319155411183,0],[0,0.81957697688458475,1,0.91566428005117884,0.0048296546113252709,0.81957697688458475,0,0,0,0,0.0072294319155411183,0],[0,0.89633202970679726,0.91566428005117884,1,0.0058489631431305625,0.91335582996733766,0,0,0,0,0.0091647995840171727,0],[0,0.016392641167004989,0.0048296546113252709,0.0058489631431305625,1,0.0048296546113252709,0,0,0,0,0.014691488533861437,0],[0,0.81429444204748158,0.81957697688458475,0.91335582996733766,0.0048296546113252709,1,0,0,0,0,0.0072294319155411183,0],[0.010438766674641539,0,0,0,0,0,1,0.75443744939597512,0.75443744939597512,0.67781107701750676,0.087874376711873176,0.087874376711873176],[0.0048296546113252709,0,0,0,0,0,0.75443744939597512,1,1,0.92728861586556688,0.082275448418156774,0.344423617934296],[0.0048296546113252709,0,0,0,0,0,0.75443744939597512,1,1,0.92557890878718818,0.082275448418156774,0.344423617934296],[0.0040555704522478525,0,0,0,0,0,0.67781107701750676,0.92728861586556688,0.92557890878718818,1,0.068393360620739807,0.30850382211040417],[0.0017989992091617679,0.0072294319155411183,0.0072294319155411183,0.0091647995840171727,0.014691488533861437,0.0072294319155411183,0.087874376711873176,0.082275448418156774,0.082275448418156774,0.068393360620739807,1,0.0091647995840171727],[0,0,0,0,0,0,0.087874376711873176,0.344423617934296,0.344423617934296,0.30850382211040417,0.0091647995840171727,1]],"matrix_without_context":[[1,0,0,0,0,0,0,0.011999098976908526,0,0,0,0],[0,1,0.90833807169528191,0.88906797073604538,0.20557609966576662,0.87604121144607516,0,0,0.068393360620739807,0,0,0],[0,0.90833807169528191,1,1,0.29054636929714839,1,0,0,0,0,0,0],[0,0.88906797073604538,1,1,0.21042811478322881,1,0,0,0,0,0,0],[0,0.20557609966576662,0.29054636929714839,0.21042811478322881,1,0.16529617667111993,0,0,0,0,0.0020172482675724188,0],[0,0.87604121144607516,1,1,0.16529617667111993,1,0,0,0,0,0,0],[0,0,0,0,0,0,1,1,0.93609741512283307,0.84205044201905843,0.21042811478322881,0.068393360620739807],[0.011999098976908526,0,0,0,0,0,1,1,0.93609741512283307,0.84589079041384407,0.21042811478322881,0.068393360620739807],[0,0.068393360620739807,0,0,0,0,0.93609741512283307,0.93609741512283307,1,0.77738206260364073,0.16529617667111993,0.049501276671065977],[0,0,0,0,0,0,0.84205044201905843,0.84589079041384407,0.77738206260364073,1,0.14639183262451871,0.011999098976908526],[0,0,0,0,0.0020172482675724188,0,0.21042811478322881,0.21042811478322881,0.16529617667111993,0.14639183262451871,1,0],[0,0,0,0,0,0,0.068393360620739807,0.068393360620739807,0.049501276671065977,0.011999098976908526,0,1]]}