{"matrix_with_context":[[1,0.12709828237865858,0.068393360620739807,0.049501276671065977,0,0,0,0.057790890043389789,0,0,0,0],[0.12709828237865858,1,0.023750919969273782,0.029461036605717937,0,0.0058489631431305625,0.0048296546113252709,0,0,0,0,0],[0.068393360620739807,0.023750919969273782,1,0.6576605631976371,0.023750919969273782,0,0.011999098976908526,0,0,0,0,0],[0.049501276671065977,0.029461036605717937,0.6576605631976371,1,0.10097928530584227,0.023750919969273782,0.049501276671065977,0.011999098976908526,0.023750919969273782,0.03753427281233495,0.023750919969273782,0.16529617667111993],[0,0,0.023750919969273782,0.10097928530584227,1,0.049501276671065977,0.45496440993935694,0.054807239502536013,0.12709828237865858,0.11734011782473977,0.12709828237865858,0.25218762567544],[0,0.0058489631431305625,0,0.023750919969273782,0.049501276671065977,1,0.029461036605717937,0.023750919969273782,0.38738178682260033,0.016392641167004989,0.011999098976908526,0.03753427281233495],[0,0.0048296546113252709,0.011999098976908526,0.049501276671065977,0.45496440993935694,0.029461036605717937,1,0.057790890043389789,0.054807239502536013,0.068393360620739807,0.054807239502536013,0.11734011782473977],[0.057790890043389789,0,0,0.011999098976908526,0.054807239502536013,0.023750919969273782,0.057790890043389789,1,0.16529617667111993,0.24060777066588548,0.14160118649403922,0.35165932462127825],[0,0,0,0.023750919969273782,0.12709828237865858,0.38738178682260033,0.054807239502536013,0.16529617667111993,1,0.12709828237865858,0.03753427281233495,0.27812910984475858],[0,0,0,0.03753427281233495,0.11734011782473977,0.016392641167004989,0.068393360620739807,0.24060777066588548,0.12709828237865858,1,0.41963602566300873,0.76646943453263383],[0,0,0,0.023750919969273782,0.12709828237865858,0.011999098976908526,0.054807239502536013,0.14160118649403922,0.03753427281233495,0.41963602566300873,1,0.69082370811937455],[0,0,0,0.16529617667111993,0.25218762567544,0.03753427281233495,0.11734011782473977,0.35165932462127825,0.27812910984475858,0.76646943453263383,0.69082370811937455,1]],"matrix_without_context":[[1,0.25218762567544,0,0,0,0,0.023750919969273782,0,0,0,0,0],[0.25218762567544,1,0,0,0,0,0.011999098976908526,0.020824021082567559,0.052585685013413992,0,0,0],[0,0,1,0.45496440993935694,0,0,0.03753427281233495,0,0,0,0,0],[0,0,0.45496440993935694,1,0,0,0.029461036605717937,0,0,0,0,0],[0,0,0,0,1,0.011999098976908526,0.41963602566300873,0.0034538575892268568,0.027346467968911305,0,0.023750919969273782,0.03753427281233495],[0,0,0,0,0.011999098976908526,1,0,0.011999098976908526,0.0017989992091617679,0.0025923195846382528,0.016392641167004989,0.019560431003895665],[0.023750919969273782,0.011999098976908526,0.03753427281233495,0.029461036605717937,0.41963602566300873,0,1,0.027346467968911305,0.016392641167004989,0.0091647995840171727,0.03753427281233495,0.068393360620739807],[0,0.020824021082567559,0,0,0.0034538575892268568,0.011999098976908526,0.027346467968911305,1,0.013242899847723307,0.0091647995840171727,0.0048296546113252709,0.0058489631431305625],[0,0.052585685013413992,0,0,0.027346467968911305,0.0017989992091617679,0.016392641167004989,0.013242899847723307,1,0.010438766674641539,0,0],[0,0,0,0,0,0.0025923195846382528,0.0091647995840171727,0.0091647995840171727,0.010438766674641539,1,0.38738178682260033,0.43942422276410337],[0,0,0,0,0.023750919969273782,0.016392641167004989,0.03753427281233495,0.0048296546113252709,0,0.38738178682260033,1,0.89633202970679726],[0,0,0,0,0.03753427281233495,0.019560431003895665,0.068393360620739807,0.0058489631431305625,0,0.43942422276410337,0.89633202970679726,1]]}