{"matrix_with_context":[[1,0.033944944909024853,0.03753427281233495,0.1481278803062108,0.049501276671065977,0.016392641167004989,0.016392641167004989,0,0.011999098976908526,0.016392641167004989,0.016392641167004989],[0.033944944909024853,1,0.019560431003895665,0.021502510740885192,0.023750919969273782,0,0,0,0,0,0],[0.03753427281233495,0.019560431003895665,1,0.033128761365810756,0.13356650750221294,0,0,0.0058489631431305625,0,0,0],[0.1481278803062108,0.021502510740885192,0.033128761365810756,1,0.027346467968911305,0,0,0,0,0,0],[0.049501276671065977,0.023750919969273782,0.13356650750221294,0.027346467968911305,1,0.016392641167004989,0.016392641167004989,0,0.011999098976908526,0.087874376711873176,0.049501276671065977],[0.016392641167004989,0,0,0,0.016392641167004989,1,1,0.79641865773734644,0.92190648315005508,1,1],[0.016392641167004989,0,0,0,0.016392641167004989,1,1,0.78967270465186667,0.91335582996733766,1,1],[0,0,0.0058489631431305625,0,0,0.79641865773734644,0.78967270465186667,1,0.73388534398155536,0.43942422276410337,0.43942422276410337],[0.011999098976908526,0,0,0,0.011999098976908526,0.92190648315005508,0.91335582996733766,0.73388534398155536,1,0.72625338056190414,0.700507010760774],[0.016392641167004989,0,0,0,0.087874376711873176,1,1,0.43942422276410337,0.72625338056190414,1,1],[0.016392641167004989,0,0,0,0.049501276671065977,1,1,0.43942422276410337,0.700507010760774,1,1]],"matrix_without_context":[[1,0,0,0.13063054116286074,0,0.016392641167004989,0.0091647995840171727,0.011999098976908526,0,0.011999098976908526,0.016392641167004989],[0,1,0,0,0,0,0,0,0,0,0],[0,0,1,0,0.0091647995840171727,0.0048296546113252709,0.0034538575892268568,0.0017989992091617679,0.0022777924281824243,0.0040555704522478525,0.016392641167004989],[0.13063054116286074,0,0,1,0,0.011999098976908526,0.0072294319155411183,0.010438766674641539,0,0.0091647995840171727,0.011999098976908526],[0,0,0.0091647995840171727,0,1,0.068393360620739807,0.068393360620739807,0.027346467968911305,0.057790890043389789,0.37588203934864839,0.32568784022388853],[0.016392641167004989,0,0.0048296546113252709,0.011999098976908526,0.068393360620739807,1,0.77475024407828419,0.19148399940098593,0.57241561265017238,0.52173098990921374,1],[0.0091647995840171727,0,0.0034538575892268568,0.0072294319155411183,0.068393360620739807,0.77475024407828419,1,0.12276874354363791,0.41074869606557912,0.10097928530584227,0.16529617667111993],[0.011999098976908526,0,0.0017989992091617679,0.010438766674641539,0.027346467968911305,0.19148399940098593,0.12276874354363791,1,0.16529617667111993,0.023750919969273782,0.029461036605717937],[0,0,0.0022777924281824243,0,0.057790890043389789,0.57241561265017238,0.41074869606557912,0.16529617667111993,1,0.011999098976908526,0.016392641167004989],[0.011999098976908526,0,0.0040555704522478525,0.0091647995840171727,0.37588203934864839,0.52173098990921374,0.10097928530584227,0.023750919969273782,0.011999098976908526,1,0.89282284594887551],[0.016392641167004989,0,0.016392641167004989,0.011999098976908526,0.32568784022388853,1,0.16529617667111993,0.029461036605717937,0.016392641167004989,0.89282284594887551,1]]}