{"matrix_with_context":[[1,0,0,0,0,0,0.0040555704522478525,0,0],[0,1,0.86551495514281218,0.86551495514281218,1,0.016392641167004989,0.43942422276410337,0.63135375081592382,0.068393360620739807],[0,0.86551495514281218,1,0.84589079041384407,0.89282284594887551,0.03753427281233495,0.25218762567544,0.52173098990921374,0.016392641167004989],[0,0.86551495514281218,0.84589079041384407,1,0.89282284594887551,0.011999098976908526,0.16529617667111993,0.46970564488467387,0.016392641167004989],[0,1,0.89282284594887551,0.89282284594887551,1,0.016392641167004989,0.43942422276410337,0.63135375081592382,0.068393360620739807],[0,0.016392641167004989,0.03753427281233495,0.011999098976908526,0.016392641167004989,1,0.38738178682260033,0.21660451007200782,0.20557609966576662],[0.0040555704522478525,0.43942422276410337,0.25218762567544,0.16529617667111993,0.43942422276410337,0.38738178682260033,1,0.68049963816715942,0.52173098990921374],[0,0.63135375081592382,0.52173098990921374,0.46970564488467387,0.63135375081592382,0.21660451007200782,0.68049963816715942,1,0.367993311389692],[0,0.068393360620739807,0.016392641167004989,0.016392641167004989,0.068393360620739807,0.20557609966576662,0.52173098990921374,0.367993311389692,1]],"matrix_without_context":[[1,0,0,0,0,0.37920794444445788,0.34745605695383575,0.14160118649403922,0.23173853555738505],[0,1,0.58348764142472931,0.81957697688458475,1,0,0,0.049501276671065977,0],[0,0.58348764142472931,1,0.66946987211284359,0.64498740176247749,0,0,0.023750919969273782,0],[0,0.81957697688458475,0.66946987211284359,1,0.85955267948711633,0,0,0.03753427281233495,0],[0,1,0.64498740176247749,0.85955267948711633,1,0,0,0.049501276671065977,0],[0.37920794444445788,0,0,0,0,1,0.36224629726423152,0.10097928530584227,0.29460544256708671],[0.34745605695383575,0,0,0,0,0.36224629726423152,1,0.11734011782473977,0.29054636929714839],[0.14160118649403922,0.049501276671065977,0.023750919969273782,0.03753427281233495,0.049501276671065977,0.10097928530584227,0.11734011782473977,1,0.068393360620739807],[0.23173853555738505,0,0,0,0,0.29460544256708671,0.29054636929714839,0.068393360620739807,1]]}