{"matrix_with_context":[[1,0.52173098990921374,0.49700969553598839,0.782466108322267,0.89282284594887551,0,0,0],[0.52173098990921374,1,0.700507010760774,0.60885440507873478,0.76646943453263383,0,0,0.16529617667111993],[0.49700969553598839,0.700507010760774,1,0.63135375081592382,0.700507010760774,0,0,0.068393360620739807],[0.782466108322267,0.60885440507873478,0.63135375081592382,1,0.90833807169528191,0,0,0],[0.89282284594887551,0.76646943453263383,0.700507010760774,0.90833807169528191,1,0,0,1],[0,0,0,0,0,1,0.367993311389692,0.3984965425184302],[0,0,0,0,0,0.367993311389692,1,0.88906797073604538],[0,0.16529617667111993,0.068393360620739807,0,1,0.3984965425184302,0.88906797073604538,1]],"matrix_without_context":[[1,0.29054636929714839,0.35165932462127825,0.88504069074476588,0.91566428005117884,0,0,0],[0.29054636929714839,1,0.29460544256708671,0.20166435442006905,0.23589722086215964,0.016392641167004989,0,0],[0.35165932462127825,0.29460544256708671,1,0.38738178682260033,0.34745605695383575,0,0,0],[0.88504069074476588,0.20166435442006905,0.38738178682260033,1,0.80869414296759312,0,0,0],[0.91566428005117884,0.23589722086215964,0.34745605695383575,0.80869414296759312,1,0,0,0],[0,0.016392641167004989,0,0,0,1,0.16529617667111993,0.32568784022388853],[0,0,0,0,0,0.16529617667111993,1,0.87099219668878736],[0,0,0,0,0,0.32568784022388853,0.87099219668878736,1]]}