{"matrix_with_context":[[1,0.88071027878047436,0.58348764142472931,1,0.58348764142472931,0,0,0,0,0],[0.88071027878047436,1,0.38738178682260033,0.58348764142472931,0.38738178682260033,0,0,0,0,0],[0.58348764142472931,0.38738178682260033,1,0.90833807169528191,0.802746616928881,0,0,0,0,0],[1,0.58348764142472931,0.90833807169528191,1,0.88504069074476588,0,0,0,0,0],[0.58348764142472931,0.38738178682260033,0.802746616928881,0.88504069074476588,1,0,0,0,0,0],[0,0,0,0,0,1,1,0,0,0],[0,0,0,0,0,1,1,0,0,0],[0,0,0,0,0,0,0,1,1,0.89282284594887551],[0,0,0,0,0,0,0,1,1,0.89633202970679726],[0,0,0,0,0,0,0,0.89282284594887551,0.89633202970679726,1]],"matrix_without_context":[[1,0.88504069074476588,0.4837036383374641,0.087874376711873176,0.367993311389692,0,0,0.16529617667111993,0,0.03753427281233495],[0.88504069074476588,1,0.58348764142472931,0.16529617667111993,0.43942422276410337,0,0,1,0,0.068393360620739807],[0.4837036383374641,0.58348764142472931,1,0.53546514194050066,0.73388534398155536,0,0,0.16529617667111993,0,0.03753427281233495],[0.087874376711873176,0.16529617667111993,0.53546514194050066,1,0.45496440993935694,0,0,0,0,0],[0.367993311389692,0.43942422276410337,0.73388534398155536,0.45496440993935694,1,0,0,0,0,0],[0,0,0,0,0,1,0.53546514194050066,0,0,0],[0,0,0,0,0,0.53546514194050066,1,0,0,0],[0.16529617667111993,1,0.16529617667111993,0,0,0,0,1,1,0.81957697688458475],[0,0,0,0,0,0,0,1,1,0.81429444204748158],[0.03753427281233495,0.068393360620739807,0.03753427281233495,0,0,0,0,0.81957697688458475,0.81429444204748158,1]]}