{"matrix_with_context":[[1,0.78967270465186667,0.62043190647442548,0.76646943453263383,0.3578733656260219,0,0,0,0,0,0],[0.78967270465186667,1,0.59656183305962562,0.85955267948711633,0.52173098990921374,0,0,0,0,0,0],[0.62043190647442548,0.59656183305962562,1,0.46970564488467387,0.25218762567544,0,0,0,0,0,0],[0.76646943453263383,0.85955267948711633,0.46970564488467387,1,0.72625338056190414,0,0,0,0,0,0],[0.3578733656260219,0.52173098990921374,0.25218762567544,0.72625338056190414,1,0,0,0,0,0,0],[0,0,0,0,0,1,1,0.802746616928881,1,0.68574563429279045,0.79641865773734644],[0,0,0,0,0,1,1,0.80869414296759312,1,0.700507010760774,0.80869414296759312],[0,0,0,0,0,0.802746616928881,0.80869414296759312,1,0.74794679924355634,0.55468612964981845,0.60074275976456537],[0,0,0,0,0,1,1,0.74794679924355634,1,0.85303806821857564,0.91785296792380566],[0,0,0,0,0,0.68574563429279045,0.700507010760774,0.55468612964981845,0.85303806821857564,1,0.80068132633020217],[0,0,0,0,0,0.79641865773734644,0.80869414296759312,0.60074275976456537,0.91785296792380566,0.80068132633020217,1]],"matrix_without_context":[[1,0.66946987211284359,0.40570061213457737,0.21042811478322881,0.16529617667111993,0,0,0,0,0,0],[0.66946987211284359,1,0.38738178682260033,0.79641865773734644,1,0,0,0,0,0,0],[0.40570061213457737,0.38738178682260033,1,0.16529617667111993,0.068393360620739807,0,0,0,0,0,0],[0.21042811478322881,0.79641865773734644,0.16529617667111993,1,0.782466108322267,0,0,0,0,0,0],[0.16529617667111993,1,0.068393360620739807,0.782466108322267,1,0,0,0,0,0,0],[0,0,0,0,0,1,0.90833807169528191,0.82929087416122771,0.40570061213457737,0.52173098990921374,0.52173098990921374],[0,0,0,0,0,0.90833807169528191,1,0.89961885562938126,0.55468612964981845,1,1],[0,0,0,0,0,0.82929087416122771,0.89961885562938126,1,0.43942422276410337,0.52173098990921374,0.52173098990921374],[0,0,0,0,0,0.40570061213457737,0.55468612964981845,0.43942422276410337,1,0.75755963235550883,0.737544897130348],[0,0,0,0,0,0.52173098990921374,1,0.52173098990921374,0.75755963235550883,1,1],[0,0,0,0,0,0.52173098990921374,1,0.52173098990921374,0.737544897130348,1,1]]}