{"matrix_with_context":[[1,0.9109175168146969,0.82929087416122771,1,1,0,0,0,0,0,0,0,0],[0.9109175168146969,1,0.75443744939597512,0.84589079041384407,0.85303806821857564,0,0,0,0,0,0,0,0],[0.82929087416122771,0.75443744939597512,1,0.74794679924355634,0.75755963235550883,0,0,0.068393360620739807,0.068393360620739807,0.068393360620739807,0,0,0],[1,0.84589079041384407,0.74794679924355634,1,1,0,0.16529617667111993,1,1,1,0,0,0],[1,0.85303806821857564,0.75755963235550883,1,1,0,0.16529617667111993,1,1,1,0,0,0],[0,0,0,0,0,1,0.55468612964981845,0.40570061213457737,0.40570061213457737,0.40570061213457737,0.37588203934864839,0.40570061213457737,0.43942422276410337],[0,0,0,0.16529617667111993,0.16529617667111993,0.55468612964981845,1,0.90270379534291678,0.89961885562938126,0.89633202970679726,0.58348764142472931,0.66946987211284359,0.700507010760774],[0,0,0.068393360620739807,1,1,0.40570061213457737,0.90270379534291678,1,1,1,0.4837036383374641,1,1],[0,0,0.068393360620739807,1,1,0.40570061213457737,0.89961885562938126,1,1,1,0.4837036383374641,1,1],[0,0,0.068393360620739807,1,1,0.40570061213457737,0.89633202970679726,1,1,1,0.4837036383374641,1,1],[0,0,0,0,0,0.37588203934864839,0.58348764142472931,0.4837036383374641,0.4837036383374641,0.4837036383374641,1,0.700507010760774,0.72625338056190414],[0,0,0,0,0,0.40570061213457737,0.66946987211284359,1,1,1,0.700507010760774,1,1],[0,0,0,0,0,0.43942422276410337,0.700507010760774,1,1,1,0.72625338056190414,1,1]],"matrix_without_context":[[1,0.92892155650183061,0.79197031841522392,0.93048278580024735,0.93609741512283307,0,0,0,0,0,0,0,0],[0.92892155650183061,1,0.85303806821857564,1,1,0,0,0,0,0,0,0,0],[0.79197031841522392,0.85303806821857564,1,0.83801418019047558,0.84954912628525936,0,0,0,0,0,0,0,0],[0.93048278580024735,1,0.83801418019047558,1,1,0,0,0,0,0,0,0,0],[0.93609741512283307,1,0.84954912628525936,1,1,0,0,0,0,0,0,0,0],[0,0,0,0,0,1,0.25218762567544,0.19148399940098593,0.13816512106135553,0.13816512106135553,0.068393360620739807,0.011999098976908526,0.0091647995840171727],[0,0,0,0,0,0.25218762567544,1,0.93048278580024735,0.92557890878718818,0.92892155650183061,0.25218762567544,1,0.16529617667111993],[0,0,0,0,0,0.19148399940098593,0.93048278580024735,1,0.86831043418409337,0.86259838045151771,0.16529617667111993,0.16529617667111993,0.068393360620739807],[0,0,0,0,0,0.13816512106135553,0.92557890878718818,0.86831043418409337,1,0.86551495514281218,0.16529617667111993,0.16529617667111993,0.068393360620739807],[0,0,0,0,0,0.13816512106135553,0.92892155650183061,0.86259838045151771,0.86551495514281218,1,0.12709828237865858,0.16529617667111993,0.068393360620739807],[0,0,0,0,0,0.068393360620739807,0.25218762567544,0.16529617667111993,0.16529617667111993,0.12709828237865858,1,0.11734011782473977,0.20166435442006905],[0,0,0,0,0,0.011999098976908526,1,0.16529617667111993,0.16529617667111993,0.16529617667111993,0.11734011782473977,1,0.87099219668878736],[0,0,0,0,0,0.0091647995840171727,0.16529617667111993,0.068393360620739807,0.068393360620739807,0.068393360620739807,0.20166435442006905,0.87099219668878736,1]]}