{"matrix_with_context":[[1,0,0,0,0,0.0020172482675724188,0.0048296546113252709,0.0034538575892268568,0.0048296546113252709,0,0,0.0072294319155411183,0.011999098976908526,0.0072294319155411183,0.0040555704522478525],[0,1,0.42302470364712408,0,0,0.0040555704522478525,0.016392641167004989,0.0091647995840171727,0,0,0,0,0,0,0],[0,0.42302470364712408,1,0,0,0.013938903334611591,0.016392641167004989,0.0091647995840171727,0,0,0,0,0,0,0],[0,0,0,1,0.59401179062217657,0,0,0,0,0,0,0,0.016392641167004989,0.89961885562938126,0.4837036383374641],[0,0,0,0.59401179062217657,1,0,0,0,0,0,0,0,0.0072294319155411183,0.67781107701750676,0.36224629726423152],[0.0020172482675724188,0.0040555704522478525,0.013938903334611591,0,0,1,0.10753287734811902,0.10097928530584227,0,0,0,0,0,0.11734011782473977,0.077204123756325377],[0.0048296546113252709,0.016392641167004989,0.016392641167004989,0,0,0.10753287734811902,1,0.46970564488467387,0,0,0,0,0,0.4837036383374641,0.23589722086215964],[0.0034538575892268568,0.0091647995840171727,0.0091647995840171727,0,0,0.10097928530584227,0.46970564488467387,1,0,0,0,0,0,0.29054636929714839,0.16529617667111993],[0.0048296546113252709,0,0,0,0,0,0,0,1,0.70738370698597275,0.66069038817449055,0.81957697688458475,0.27812910984475858,0,0],[0,0,0,0,0,0,0,0,0.70738370698597275,1,0.66069038817449055,0.81957697688458475,0.22473070243894697,0,0],[0,0,0,0,0,0,0,0,0.66069038817449055,0.66069038817449055,1,0.83801418019047558,0.302605583653328,0,0],[0.0072294319155411183,0,0,0,0,0,0,0,0.81957697688458475,0.81957697688458475,0.83801418019047558,1,0.52173098990921374,0,0],[0.011999098976908526,0,0,0.016392641167004989,0.0072294319155411183,0,0,0,0.27812910984475858,0.22473070243894697,0.302605583653328,0.52173098990921374,1,0.023750919969273782,0],[0.0072294319155411183,0,0,0.89961885562938126,0.67781107701750676,0.11734011782473977,0.4837036383374641,0.29054636929714839,0,0,0,0,0.023750919969273782,1,0.700507010760774],[0.0040555704522478525,0,0,0.4837036383374641,0.36224629726423152,0.077204123756325377,0.23589722086215964,0.16529617667111993,0,0,0,0,0,0.700507010760774,1]],"matrix_without_context":[[1,0,0,0,0,0,0,0,0.068393360620739807,0.0020172482675724188,0.023750919969273782,0.031832942175295559,0.057790890043389789,0.0040555704522478525,0],[0,1,0.61664838769664443,0.068393360620739807,0,0.013938903334611591,0.0040555704522478525,0.0040555704522478525,0,0,0,0,0,0.016392641167004989,0],[0,0.61664838769664443,1,0,0,0.049501276671065977,0,0.016392641167004989,0,0,0,0,0,0,0],[0,0.068393360620739807,0,1,0.89961885562938126,0,0.0058489631431305625,0.0058489631431305625,0.023750919969273782,0.023750919969273782,0,0,0.16529617667111993,0.74794679924355634,0.55468612964981845],[0,0,0,0.89961885562938126,1,0,0.0048296546113252709,0.0048296546113252709,0.016392641167004989,0.019560431003895665,0,0,0.068393360620739807,0.62043190647442548,0.475391062573035],[0,0.013938903334611591,0.049501276671065977,0,0,1,0,0.0058489631431305625,0,0,0,0,0.0048296546113252709,0.0034538575892268568,0],[0,0.0040555704522478525,0,0.0058489631431305625,0.0048296546113252709,0,1,0.028163881637935439,0,0,0.0029768564767243791,0.0040555704522478525,0,0.0034538575892268568,0.0029768564767243791],[0,0.0040555704522478525,0.016392641167004989,0.0058489631431305625,0.0048296546113252709,0.0058489631431305625,0.028163881637935439,1,0.0029768564767243791,0.0017989992091617679,0,0,0.0048296546113252709,0.0034538575892268568,0.0029768564767243791],[0.068393360620739807,0,0,0.023750919969273782,0.016392641167004989,0,0,0.0029768564767243791,1,0.08460618207341615,0.14160118649403922,0.25218762567544,0.35165932462127825,0.029461036605717937,0.0072294319155411183],[0.0020172482675724188,0,0,0.023750919969273782,0.019560431003895665,0,0,0.0017989992091617679,0.08460618207341615,1,0.011999098976908526,0.031832942175295559,0.10097928530584227,0.027346467968911305,0.0034538575892268568],[0.023750919969273782,0,0,0,0,0,0.0029768564767243791,0,0.14160118649403922,0.011999098976908526,1,0.533229525239399,0.43942422276410337,0,0],[0.031832942175295559,0,0,0,0,0,0.0040555704522478525,0,0.25218762567544,0.031832942175295559,0.533229525239399,1,0.66946987211284359,0,0],[0.057790890043389789,0,0,0.16529617667111993,0.068393360620739807,0.0048296546113252709,0,0.0048296546113252709,0.35165932462127825,0.10097928530584227,0.43942422276410337,0.66946987211284359,1,0.11734011782473977,0.016392641167004989],[0.0040555704522478525,0.016392641167004989,0,0.74794679924355634,0.62043190647442548,0.0034538575892268568,0.0034538575892268568,0.0034538575892268568,0.029461036605717937,0.027346467968911305,0,0,0.11734011782473977,1,0.305986602951492],[0,0,0,0.55468612964981845,0.475391062573035,0,0.0029768564767243791,0.0029768564767243791,0.0072294319155411183,0.0034538575892268568,0,0,0.016392641167004989,0.305986602951492,1]]}