{"matrix_with_context":[[1,0.74794679924355634,0,0,0.03753427281233495,0],[0.74794679924355634,1,0,0,0.023750919969273782,0],[0,0,1,0.55468612964981845,0,0],[0,0,0.55468612964981845,1,0,0],[0.03753427281233495,0.023750919969273782,0,0,1,0.24320530140137289],[0,0,0,0,0.24320530140137289,1]],"matrix_without_context":[[1,1,0.16529617667111993,1,0.10097928530584227,0],[1,1,0.16529617667111993,1,0.16529617667111993,0],[0.16529617667111993,0.16529617667111993,1,0.84589079041384407,0.0091647995840171727,0],[1,1,0.84589079041384407,1,0,0],[0.10097928530584227,0.16529617667111993,0.0091647995840171727,0,1,0.0029768564767243791],[0,0,0,0,0.0029768564767243791,1]]}