{"matrix_with_context":[[1,1,1,1,0.86052432866649953,1,1,1],[1,1,1,1,0.85496015617582777,1,1,1],[1,1,1,1,0.85618281925325712,1,1,1],[1,1,1,1,0.89103130222365057,1,1,1],[0.86052432866649953,0.85496015617582777,0.85618281925325712,0.89103130222365057,1,0.90560488392429139,0.89374768514999647,0.89984567705925012],[1,1,1,1,0.90560488392429139,1,1,1],[1,1,1,1,0.89374768514999647,1,1,1],[1,1,1,1,0.89984567705925012,1,1,1]],"matrix_without_context":[[1,0,0,0,0,0,0,0],[0,1,0,0,0,0,0,0],[0,0,1,0,0,0,0,0],[0,0,0,1,0,0,0,0],[0,0,0,0,1,0,0,0],[0,0,0,0,0,1,0,0],[0,0,0,0,0,0,1,0],[0,0,0,0,0,0,0,1]]}