{"matrix_with_context":[[1,0.00014434841046345539,1,1,1,1,1,1,1,1],[0.00014434841046345539,1,0.0032020646092679227,0.46136810636814579,0.50868078952070961,0.48501026610244025,5.7053743091356044E-5,5.7053743091356044E-5,5.7053743091356044E-5,2.0702360476839651E-5],[1,0.0032020646092679227,1,1,1,1,0,0,0,0],[1,0.46136810636814579,1,1,1,1,1,1,1,1],[1,0.50868078952070961,1,1,1,1,1,1,1,1],[1,0.48501026610244025,1,1,1,1,1,1,1,1],[1,5.7053743091356044E-5,0,1,1,1,1,1,1,1],[1,5.7053743091356044E-5,0,1,1,1,1,1,1,1],[1,5.7053743091356044E-5,0,1,1,1,1,1,1,1],[1,2.0702360476839651E-5,0,1,1,1,1,1,1,1]],"matrix_without_context":[[1,0,0,0,0,0,0,0,0,0],[0,1,0,0,0,0,0,0,0,0],[0,0,1,0,0,0,0,0,0,0],[0,0,0,1,0,0,0,0,0,0],[0,0,0,0,1,0,0,0,0,0],[0,0,0,0,0,1,0,0,0,0],[0,0,0,0,0,0,1,0,0,0],[0,0,0,0,0,0,0,1,0,0],[0,0,0,0,0,0,0,0,1,0],[0,0,0,0,0,0,0,0,0,1]]}