{"matrix_with_context":[[1,1,0.0018124203738335419,1,1,1,1],[1,1,0.70658785772271537,1,1,1,1],[0.0018124203738335419,0.70658785772271537,1,0.63564901571935284,0.66440971517731,0.0077453982711665724,0.0018124203738335419],[1,1,0.63564901571935284,1,1,1,1],[1,1,0.66440971517731,1,1,1,1],[1,1,0.0077453982711665724,1,1,1,1],[1,1,0.0018124203738335419,1,1,1,1]],"matrix_without_context":[[1,0,0,0,0,0,0],[0,1,0,0,0,0,0],[0,0,1,0,0,0,0],[0,0,0,1,0,0,0],[0,0,0,0,1,0,0],[0,0,0,0,0,1,0],[0,0,0,0,0,0,1]]}