{"matrix_with_context":[[1,0.74794679924355634,1,0.60885440507873478,0,0],[0.74794679924355634,1,0.75443744939597512,0.46557205575798577,0,0],[1,0.75443744939597512,1,0.66069038817449055,0,0],[0.60885440507873478,0.46557205575798577,0.66069038817449055,1,0.0025923195846382528,0],[0,0,0,0.0025923195846382528,1,0.0013211724340855455],[0,0,0,0,0.0013211724340855455,1]],"matrix_without_context":[[1,0.9109175168146969,0.76646943453263383,1,0.16529617667111993,0],[0.9109175168146969,1,0.73388534398155536,0.74794679924355634,0.03753427281233495,0],[0.76646943453263383,0.73388534398155536,1,0.52173098990921374,0.023750919969273782,0],[1,0.74794679924355634,0.52173098990921374,1,0.068393360620739807,0],[0.16529617667111993,0.03753427281233495,0.023750919969273782,0.068393360620739807,1,0.0058489631431305625],[0,0,0,0,0.0058489631431305625,1]]}