{"matrix_with_context":[[1,0.0099860113282919782,0,0.0040555704522478525,0,0,0,0,0],[0.0099860113282919782,1,0,0.0040555704522478525,0,0.0014567619608943834,0,0,0],[0,0,1,0.26793175283660747,0.4837036383374641,0,0.19148399940098593,0.46970564488467387,0],[0.0040555704522478525,0.0040555704522478525,0.26793175283660747,1,0.49700969553598839,0.0048296546113252709,0.60885440507873478,0.43942422276410337,0],[0,0,0.4837036383374641,0.49700969553598839,1,0,0.45797472464962458,0.62043190647442548,0],[0,0.0014567619608943834,0,0.0048296546113252709,0,1,0.0034538575892268568,0,0],[0,0,0.19148399940098593,0.60885440507873478,0.45797472464962458,0.0034538575892268568,1,0.35165932462127825,0],[0,0,0.46970564488467387,0.43942422276410337,0.62043190647442548,0,0.35165932462127825,1,0],[0,0,0,0,0,0,0,0,1]],"matrix_without_context":[[1,0.013938903334611591,0.03753427281233495,0.049501276671065977,0.016392641167004989,0.0048296546113252709,0.12709828237865858,0,0],[0.013938903334611591,1,0,0,0.0034538575892268568,0.013242899847723307,0,0,0],[0.03753427281233495,0,1,0.13816512106135553,0.39535921643086053,0,0.26348866736294896,0.32568784022388853,0.049501276671065977],[0.049501276671065977,0,0.13816512106135553,1,0.16529617667111993,0,0.43942422276410337,0.03753427281233495,0],[0.016392641167004989,0.0034538575892268568,0.39535921643086053,0.16529617667111993,1,0,0.302605583653328,0.43942422276410337,0.079173757109080284],[0.0048296546113252709,0.013242899847723307,0,0,0,1,0,0.0072294319155411183,0],[0.12709828237865858,0,0.26348866736294896,0.43942422276410337,0.302605583653328,0,1,0.16529617667111993,0.0058489631431305625],[0,0,0.32568784022388853,0.03753427281233495,0.43942422276410337,0.0072294319155411183,0.16529617667111993,1,0.27812910984475858],[0,0,0.049501276671065977,0,0.079173757109080284,0,0.0058489631431305625,0.27812910984475858,1]]}