{"matrix_with_context":[[1,0.014691488533861437,0.011999098976908526,0.016392641167004989,0.011999098976908526],[0.014691488533861437,1,0.3578733656260219,0.43942422276410337,0.37294497344488614],[0.011999098976908526,0.3578733656260219,1,0.82456797807736715,0.6416731110615701],[0.016392641167004989,0.43942422276410337,0.82456797807736715,1,0.80869414296759312],[0.011999098976908526,0.37294497344488614,0.6416731110615701,0.80869414296759312,1]],"matrix_without_context":[[1,0.0020172482675724188,0,0,0],[0.0020172482675724188,1,0.18575377356354245,0.35165932462127825,0.27812910984475858],[0,0.18575377356354245,1,0.50967101368833356,0.338901149391298],[0,0.35165932462127825,0.50967101368833356,1,0.55468612964981845],[0,0.27812910984475858,0.338901149391298,0.55468612964981845,1]]}