{"matrix_with_context":[[1,0,0.87099219668878736,0,0,0,0,0,0,0],[0,1,0,0.03753427281233495,0,0.0025923195846382528,0,0,0.0072294319155411183,0.0016143587634129823],[0.87099219668878736,0,1,0,0,0,0,0,0,0],[0,0.03753427281233495,0,1,0,0.010438766674641539,0,0,0.0091647995840171727,0],[0,0,0,0,1,0.20166435442006905,0.59401179062217657,0.65143769059785506,0.65143769059785506,0.041731412759274479],[0,0.0025923195846382528,0,0.010438766674641539,0.20166435442006905,1,0.37920794444445788,0.42302470364712408,0.42302470364712408,0.044938057663749864],[0,0,0,0,0.59401179062217657,0.37920794444445788,1,0.93048278580024735,0.93048278580024735,0.077204123756325377],[0,0,0,0,0.65143769059785506,0.42302470364712408,0.93048278580024735,1,1,0.087874376711873176],[0,0.0072294319155411183,0,0.0091647995840171727,0.65143769059785506,0.42302470364712408,0.93048278580024735,1,1,0.087874376711873176],[0,0.0016143587634129823,0,0,0.041731412759274479,0.044938057663749864,0.077204123756325377,0.087874376711873176,0.087874376711873176,1]],"matrix_without_context":[[1,0,0.87099219668878736,0,0,0,0,0,1,0],[0,1,0,0.0034538575892268568,0.057790890043389789,0,0,0,0,0.0072294319155411183],[0.87099219668878736,0,1,0,0,0,0,0,0,0],[0,0.0034538575892268568,0,1,0.013938903334611591,0.019560431003895665,0,0,0,0],[0,0.057790890043389789,0,0.013938903334611591,1,0.10097928530584227,0.016392641167004989,0.023750919969273782,0.068393360620739807,0.0091647995840171727],[0,0,0,0.019560431003895665,0.10097928530584227,1,0.52173098990921374,0.63135375081592382,0.63135375081592382,0],[0,0,0,0,0.016392641167004989,0.52173098990921374,1,0.91785296792380566,0.91566428005117884,0],[0,0,0,0,0.023750919969273782,0.63135375081592382,0.91785296792380566,1,1,0],[1,0,0,0,0.068393360620739807,0.63135375081592382,0.91566428005117884,1,1,0],[0,0.0072294319155411183,0,0,0.0091647995840171727,0,0,0,0,1]]}