{"matrix_with_context":[[1,0,0,0.12709828237865858,0.023750919969273782,0.0048296546113252709,0.011999098976908526,0.029461036605717937,0.0072294319155411183,0.03753427281233495],[0,1,0.55468612964981845,0,0,0,0,0,0,0],[0,0.55468612964981845,1,0,0,0,0,0,0,0],[0.12709828237865858,0,0,1,0.018408999651278343,0.0072294319155411183,0.023750919969273782,0.087874376711873176,0.03753427281233495,0.023750919969273782],[0.023750919969273782,0,0,0.018408999651278343,1,0.0025923195846382528,0.0048296546113252709,0.0040555704522478525,0.0034538575892268568,0.0048296546113252709],[0.0048296546113252709,0,0,0.0072294319155411183,0.0025923195846382528,1,0.4837036383374641,0.26793175283660747,0.13356650750221294,0.46243130793865689],[0.011999098976908526,0,0,0.023750919969273782,0.0048296546113252709,0.4837036383374641,1,0.90270379534291678,0.78967270465186667,1],[0.029461036605717937,0,0,0.087874376711873176,0.0040555704522478525,0.26793175283660747,0.90270379534291678,1,0.76646943453263383,0.89633202970679726],[0.0072294319155411183,0,0,0.03753427281233495,0.0034538575892268568,0.13356650750221294,0.78967270465186667,0.76646943453263383,1,0.782466108322267],[0.03753427281233495,0,0,0.023750919969273782,0.0048296546113252709,0.46243130793865689,1,0.89633202970679726,0.782466108322267,1]],"matrix_without_context":[[1,0,0,0.082275448418156774,0.3578733656260219,0.25218762567544,0.29054636929714839,0.10097928530584227,0,0.13356650750221294],[0,1,0.75755963235550883,0,0,0.023750919969273782,0,0,0,0],[0,0.75755963235550883,1,0,0,0.068393360620739807,0,0,0,0],[0.082275448418156774,0,0,1,0.029461036605717937,0.20166435442006905,0.22473070243894697,0.16529617667111993,0.03753427281233495,0.12709828237865858],[0.3578733656260219,0,0,0.029461036605717937,1,0.13356650750221294,0.11734011782473977,0.03753427281233495,0,0.011999098976908526],[0.25218762567544,0.023750919969273782,0.068393360620739807,0.20166435442006905,0.13356650750221294,1,0.63135375081592382,0.21042811478322881,0.016392641167004989,0.3578733656260219],[0.29054636929714839,0,0,0.22473070243894697,0.11734011782473977,0.63135375081592382,1,0.66946987211284359,0,0.82929087416122771],[0.10097928530584227,0,0,0.16529617667111993,0.03753427281233495,0.21042811478322881,0.66946987211284359,1,0.16529617667111993,0.4837036383374641],[0,0,0,0.03753427281233495,0,0.016392641167004989,0,0.16529617667111993,1,0],[0.13356650750221294,0,0,0.12709828237865858,0.011999098976908526,0.3578733656260219,0.82929087416122771,0.4837036383374641,0,1]]}