{"matrix_with_context":[[1,0.84589079041384407,0.802746616928881,0.62043190647442548,0.14160118649403922,0,0,0,0,0],[0.84589079041384407,1,0.802746616928881,0.62043190647442548,0.16529617667111993,0,0,0,0,0],[0.802746616928881,0.802746616928881,1,0.60885440507873478,0.044938057663749864,0,0,0,0,0],[0.62043190647442548,0.62043190647442548,0.60885440507873478,1,0.049501276671065977,0,0,0,0,0],[0.14160118649403922,0.16529617667111993,0.044938057663749864,0.049501276671065977,1,0,0,0,0,0],[0,0,0,0,0,1,0.27178351098514891,0.031832942175295559,0.29054636929714839,0.27178351098514891],[0,0,0,0,0,0.27178351098514891,1,0.81429444204748158,1,1],[0,0,0,0,0,0.031832942175295559,0.81429444204748158,1,0.81429444204748158,0.81429444204748158],[0,0,0,0,0,0.29054636929714839,1,0.81429444204748158,1,1],[0,0,0,0,0,0.27178351098514891,1,0.81429444204748158,1,1]],"matrix_without_context":[[1,0.93478051224678316,1,0.76060379900416775,0.43942422276410337,0,0,0.03753427281233495,0,0],[0.93478051224678316,1,0.90833807169528191,0.700507010760774,0.367993311389692,0,0,0.023750919969273782,0,0],[1,0.90833807169528191,1,0.6576605631976371,0.3984965425184302,0,0,0.03753427281233495,0,0],[0.76060379900416775,0.700507010760774,0.6576605631976371,1,0.29054636929714839,0,0,0.011999098976908526,0,0],[0.43942422276410337,0.367993311389692,0.3984965425184302,0.29054636929714839,1,0,0,0.0072294319155411183,0,0],[0,0,0,0,0,1,0.16529617667111993,0.023750919969273782,0.32568784022388853,0.16529617667111993],[0,0,0,0,0,0.16529617667111993,1,0.74794679924355634,1,1],[0.03753427281233495,0.023750919969273782,0.03753427281233495,0.011999098976908526,0.0072294319155411183,0.023750919969273782,0.74794679924355634,1,0.75443744939597512,0.74110574870396628],[0,0,0,0,0,0.32568784022388853,1,0.75443744939597512,1,1],[0,0,0,0,0,0.16529617667111993,1,0.74110574870396628,1,1]]}