{"matrix_with_context":[[1,0,0,0.10602120046950696,0,0,0,0,0,0,0,0],[0,1,0.53877983779138638,0.0091647995840171727,0.0072294319155411183,0,0,0,0,0,0,0],[0,0.53877983779138638,1,0,0,0,0,0,0,0,0,0],[0.10602120046950696,0.0091647995840171727,0,1,0.0040555704522478525,0.029461036605717937,0,0,0,0,0.023750919969273782,0],[0,0.0072294319155411183,0,0.0040555704522478525,1,0.29054636929714839,0.19148399940098593,0.28526904819372234,0.13816512106135553,0.03753427281233495,0.019560431003895665,0.016392641167004989],[0,0,0,0.029461036605717937,0.29054636929714839,1,0.46970564488467387,0.61664838769664443,0.367993311389692,0.16529617667111993,0.16529617667111993,0.03753427281233495],[0,0,0,0,0.19148399940098593,0.46970564488467387,1,0.8337666549946805,0.82456797807736715,0.59656183305962562,0.023750919969273782,0.016392641167004989],[0,0,0,0,0.28526904819372234,0.61664838769664443,0.8337666549946805,1,0.82456797807736715,0.63135375081592382,0.023750919969273782,0.016392641167004989],[0,0,0,0,0.13816512106135553,0.367993311389692,0.82456797807736715,0.82456797807736715,1,0.59656183305962562,0.023750919969273782,0.016392641167004989],[0,0,0,0,0.03753427281233495,0.16529617667111993,0.59656183305962562,0.63135375081592382,0.59656183305962562,1,0.011999098976908526,0.0091647995840171727],[0,0,0,0.023750919969273782,0.019560431003895665,0.16529617667111993,0.023750919969273782,0.023750919969273782,0.023750919969273782,0.011999098976908526,1,0.36224629726423152],[0,0,0,0,0.016392641167004989,0.03753427281233495,0.016392641167004989,0.016392641167004989,0.016392641167004989,0.0091647995840171727,0.36224629726423152,1]],"matrix_without_context":[[1,0,0.16529617667111993,0.367993311389692,0,0,0.52173098990921374,0.068393360620739807,0.011999098976908526,0,0,0],[0,1,0.88504069074476588,0,0,0,0,0,0,0.016392641167004989,0,0],[0.16529617667111993,0.88504069074476588,1,0,0,0,0,0,0,0.023750919969273782,0,0],[0.367993311389692,0,0,1,0,0,0.12709828237865858,0.049501276671065977,0.0048296546113252709,0.0058489631431305625,0,0],[0,0,0,0,1,0.68574563429279045,0,0.20166435442006905,0,0.023750919969273782,0.11734011782473977,0.16529617667111993],[0,0,0,0,0.68574563429279045,1,0,0.13816512106135553,0,0.011999098976908526,0.03753427281233495,0.023750919969273782],[0.52173098990921374,0,0,0.12709828237865858,0,0,1,0.475391062573035,0.54845356049393934,0,0,0.068393360620739807],[0.068393360620739807,0,0,0.049501276671065977,0.20166435442006905,0.13816512106135553,0.475391062573035,1,0.21905547534089254,0.14426559739093756,0,0.029461036605717937],[0.011999098976908526,0,0,0.0048296546113252709,0,0,0.54845356049393934,0.21905547534089254,1,0.0058489631431305625,0,0],[0,0.016392641167004989,0.023750919969273782,0.0058489631431305625,0.023750919969273782,0.011999098976908526,0,0.14426559739093756,0.0058489631431305625,1,0,0],[0,0,0,0,0.11734011782473977,0.03753427281233495,0,0,0,0,1,0.42302470364712408],[0,0,0,0,0.16529617667111993,0.023750919969273782,0.068393360620739807,0.029461036605717937,0,0,0.42302470364712408,1]]}