{"matrix_with_context":[[1,0.0014567619608943834,0,0.0012036742494833045,0,0.011999098976908526,0.013938903334611591,0.013938903334611591,0.016392641167004989,0,0],[0.0014567619608943834,1,0.079173757109080284,0,0.068393360620739807,0,0,0,0,0,0],[0,0.079173757109080284,1,0,0.87604121144607516,0,0,0,0,0,0],[0.0012036742494833045,0,0,1,0,0,0,0,0,0,0],[0,0.068393360620739807,0.87604121144607516,0,1,0,0,0,0,0,0],[0.011999098976908526,0,0,0,0,1,0.74110574870396628,0.69082370811937455,0.77475024407828419,0.10097928530584227,0.068393360620739807],[0.013938903334611591,0,0,0,0,0.74110574870396628,1,0.78967270465186667,0.88504069074476588,0.16529617667111993,0.10097928530584227],[0.013938903334611591,0,0,0,0,0.69082370811937455,0.78967270465186667,1,0.91993097384579448,0.16529617667111993,0.10097928530584227],[0.016392641167004989,0,0,0,0,0.77475024407828419,0.88504069074476588,0.91993097384579448,1,0.32568784022388853,0.16529617667111993],[0,0,0,0,0,0.10097928530584227,0.16529617667111993,0.16529617667111993,0.32568784022388853,1,0.64498740176247749],[0,0,0,0,0,0.068393360620739807,0.10097928530584227,0.10097928530584227,0.16529617667111993,0.64498740176247749,1]],"matrix_without_context":[[1,0.0022777924281824243,0.0072294319155411183,0.0022777924281824243,0.0072294319155411183,0.0091647995840171727,0.0927848763623698,0,0.0072294319155411183,0,0],[0.0022777924281824243,1,0.0091647995840171727,0.0025923195846382528,0,0,0,0,0,0,0],[0.0072294319155411183,0.0091647995840171727,1,0,1,0,0,0,0,0,0],[0.0022777924281824243,0.0025923195846382528,0,1,0,0,0,0,0,0,0],[0.0072294319155411183,0,1,0,1,0,1,1,1,0,0],[0.0091647995840171727,0,0,0,0,1,0.40570061213457737,0.011999098976908526,0.068393360620739807,0,0],[0.0927848763623698,0,0,0,1,0.40570061213457737,1,1,1,0,0],[0,0,0,0,1,0.011999098976908526,1,1,1,0,0],[0.0072294319155411183,0,0,0,1,0.068393360620739807,1,1,1,0,0],[0,0,0,0,0,0,0,0,0,1,0.85955267948711633],[0,0,0,0,0,0,0,0,0,0.85955267948711633,1]]}