{"matrix_with_context":[[1,0.0081110432278934559,0.011999098976908526,0.013242899847723307,0.010438766674641539,0.0022777924281824243,0.0022777924281824243,0,0.0034538575892268568,0.0034538575892268568,0.0022777924281824243],[0.0081110432278934559,1,0.35165932462127825,0.0048296546113252709,0.302605583653328,0,0,0,0,0,0],[0.011999098976908526,0.35165932462127825,1,0.0091647995840171727,0.73388534398155536,0,0,0,0,0,0],[0.013242899847723307,0.0048296546113252709,0.0091647995840171727,1,0.0072294319155411183,0.049501276671065977,0.0048296546113252709,0,0.0091647995840171727,0.0091647995840171727,0.0048296546113252709],[0.010438766674641539,0.302605583653328,0.73388534398155536,0.0072294319155411183,1,0,0,0,0,0,0],[0.0022777924281824243,0,0,0.049501276671065977,0,1,0.29054636929714839,0.32568784022388853,0.32568784022388853,0.087874376711873176,0.044938057663749864],[0.0022777924281824243,0,0,0.0048296546113252709,0,0.29054636929714839,1,0.4144824997410867,0.49176719594574542,0.20166435442006905,0.0927848763623698],[0,0,0,0,0,0.32568784022388853,0.4144824997410867,1,0.89633202970679726,0.89961885562938126,0.67781107701750676],[0.0034538575892268568,0,0,0.0091647995840171727,0,0.32568784022388853,0.49176719594574542,0.89633202970679726,1,0.74794679924355634,0.53546514194050066],[0.0034538575892268568,0,0,0.0091647995840171727,0,0.087874376711873176,0.20166435442006905,0.89961885562938126,0.74794679924355634,1,0.62266694173349346],[0.0022777924281824243,0,0,0.0048296546113252709,0,0.044938057663749864,0.0927848763623698,0.67781107701750676,0.53546514194050066,0.62266694173349346,1]],"matrix_without_context":[[1,0.0022777924281824243,0.016392641167004989,0,0.016392641167004989,0.0017989992091617679,0,0,0,0,0],[0.0022777924281824243,1,0.049501276671065977,0,0.049501276671065977,0.0034538575892268568,0,0,0,0,0],[0.016392641167004989,0.049501276671065977,1,0.0040555704522478525,1,0.082275448418156774,0,0,0,0,0],[0,0,0.0040555704522478525,1,0.0040555704522478525,0.0016143587634129823,0,0,0,0,0],[0.016392641167004989,0.049501276671065977,1,0.0040555704522478525,1,0.082275448418156774,0,1,0,1,0.068393360620739807],[0.0017989992091617679,0.0034538575892268568,0.082275448418156774,0.0016143587634129823,0.082275448418156774,1,0.0072294319155411183,0,0.0048296546113252709,0,0],[0,0,0,0,0,0.0072294319155411183,1,0,0.52173098990921374,0.16529617667111993,0],[0,0,0,0,1,0,0,1,0.03753427281233495,1,0.78967270465186667],[0,0,0,0,0,0.0048296546113252709,0.52173098990921374,0.03753427281233495,1,0.10097928530584227,0.016392641167004989],[0,0,0,0,1,0,0.16529617667111993,1,0.10097928530584227,1,0.81429444204748158],[0,0,0,0,0.068393360620739807,0,0,0.78967270465186667,0.016392641167004989,0.81429444204748158,1]]}