{"matrix_with_context":[[1,0.6576605631976371,0,0,0,0,0,0,0,0],[0.6576605631976371,1,0,0,0,0,0,0,0,0],[0,0,1,0.0016143587634129823,0.0048296546113252709,0,0,0.0029768564767243791,0,0],[0,0,0.0016143587634129823,1,0,0,0,0.11288701516131332,0,0],[0,0,0.0048296546113252709,0,1,1,1,0.60074275976456537,0.32568784022388853,0.25218762567544],[0,0,0,0,1,1,1,0.60074275976456537,0.32568784022388853,0.25218762567544],[0,0,0,0,1,1,1,0.60074275976456537,0.32568784022388853,0.25218762567544],[0,0,0.0029768564767243791,0.11288701516131332,0.60074275976456537,0.60074275976456537,0.60074275976456537,1,0.049501276671065977,0.087874376711873176],[0,0,0,0,0.32568784022388853,0.32568784022388853,0.32568784022388853,0.049501276671065977,1,0.53877983779138638],[0,0,0,0,0.25218762567544,0.25218762567544,0.25218762567544,0.087874376711873176,0.53877983779138638,1]],"matrix_without_context":[[1,0.87604121144607516,0,0.0091647995840171727,0,0,0,0,0,0],[0.87604121144607516,1,0,0.023750919969273782,0,0,0,0,0,0],[0,0,1,0.031832942175295559,0,0.03753427281233495,0,0,0,0],[0.0091647995840171727,0.023750919969273782,0.031832942175295559,1,0,0,0,0,0,0],[0,0,0,0,1,0.8337666549946805,0.77738206260364073,0.0048296546113252709,0.023750919969273782,0],[0,0,0.03753427281233495,0,0.8337666549946805,1,0.91335582996733766,0,0.03753427281233495,0],[0,0,0,0,0.77738206260364073,0.91335582996733766,1,0.0058489631431305625,0.029461036605717937,0.068393360620739807],[0,0,0,0,0.0048296546113252709,0,0.0058489631431305625,1,0,0],[0,0,0,0,0.023750919969273782,0.03753427281233495,0.029461036605717937,0,1,0],[0,0,0,0,0,0,0.068393360620739807,0,0,1]]}