{"matrix_with_context":[[1,0.55468612964981845,0,0.0048296546113252709,0,0,0,0,0],[0.55468612964981845,1,0,0.0048296546113252709,0,0,0,0,0],[0,0,1,0.023750919969273782,0.0034538575892268568,0,0,0,0],[0.0048296546113252709,0.0048296546113252709,0.023750919969273782,1,0.10097928530584227,0.087874376711873176,0.11734011782473977,0.11734011782473977,0.11734011782473977],[0,0,0.0034538575892268568,0.10097928530584227,1,0.4837036383374641,0.60885440507873478,0.60885440507873478,0.60885440507873478],[0,0,0,0.087874376711873176,0.4837036383374641,1,0.87604121144607516,0.87604121144607516,0.87604121144607516],[0,0,0,0.11734011782473977,0.60885440507873478,0.87604121144607516,1,1,1],[0,0,0,0.11734011782473977,0.60885440507873478,0.87604121144607516,1,1,1],[0,0,0,0.11734011782473977,0.60885440507873478,0.87604121144607516,1,1,1]],"matrix_without_context":[[1,0.88071027878047436,0,0,0,0,0,0,0.16529617667111993],[0.88071027878047436,1,0,0,0,0,0,0,1],[0,0,1,0.044938057663749864,0,0,0,0,0],[0,0,0.044938057663749864,1,0.057790890043389789,0.011999098976908526,0.016392641167004989,0.03753427281233495,0.016392641167004989],[0,0,0,0.057790890043389789,1,0.12709828237865858,0.16529617667111993,0.16529617667111993,0.16529617667111993],[0,0,0,0.011999098976908526,0.12709828237865858,1,0.90560488392429139,0.82929087416122771,0.90833807169528191],[0,0,0,0.016392641167004989,0.16529617667111993,0.90560488392429139,1,0.9237868937967405,1],[0,0,0,0.03753427281233495,0.16529617667111993,0.82929087416122771,0.9237868937967405,1,0.93048278580024735],[0.16529617667111993,1,0,0.016392641167004989,0.16529617667111993,0.90833807169528191,1,0.93048278580024735,1]]}