{"matrix_with_context":[[1,0.013242899847723307,0,0,0,0,0,0,0,0,0,0.0072294319155411183,0,0],[0.013242899847723307,1,0.011999098976908526,0,0.0022777924281824243,0,0,0,0,0,0,0,0,0],[0,0.011999098976908526,1,0.020824021082567559,0.0022777924281824243,0,0,0,0,0.0058489631431305625,0,0,0,0.0058489631431305625],[0,0,0.020824021082567559,1,0.10753287734811902,0.26793175283660747,0.068393360620739807,0.11734011782473977,0.023750919969273782,0.068393360620739807,0,0.11734011782473977,0,0.068393360620739807],[0,0.0022777924281824243,0.0022777924281824243,0.10753287734811902,1,0.36224629726423152,0.42720862938879867,0.011999098976908526,0.34745605695383575,0.302605583653328,0.302605583653328,0.011999098976908526,0.32568784022388853,0.302605583653328],[0,0,0,0.26793175283660747,0.36224629726423152,1,0.6576605631976371,0.82929087416122771,0.84589079041384407,0.700507010760774,0.82929087416122771,0.82929087416122771,0.82929087416122771,0.700507010760774],[0,0,0,0.068393360620739807,0.42720862938879867,0.6576605631976371,1,0.068393360620739807,0.782466108322267,0.65143769059785506,0.75755963235550883,0.068393360620739807,0.75755963235550883,0.65143769059785506],[0,0,0,0.11734011782473977,0.011999098976908526,0.82929087416122771,0.068393360620739807,1,0,0,0,1,0,0],[0,0,0,0.023750919969273782,0.34745605695383575,0.84589079041384407,0.782466108322267,0,1,1,1,0,1,1],[0,0,0.0058489631431305625,0.068393360620739807,0.302605583653328,0.700507010760774,0.65143769059785506,0,1,1,1,0,1,1],[0,0,0,0,0.302605583653328,0.82929087416122771,0.75755963235550883,0,1,1,1,0,1,1],[0.0072294319155411183,0,0,0.11734011782473977,0.011999098976908526,0.82929087416122771,0.068393360620739807,1,0,0,0,1,0,0],[0,0,0,0,0.32568784022388853,0.82929087416122771,0.75755963235550883,0,1,1,1,0,1,1],[0,0,0.0058489631431305625,0.068393360620739807,0.302605583653328,0.700507010760774,0.65143769059785506,0,1,1,1,0,1,1]],"matrix_without_context":[[1,0,0,0,0,0,0,0,0,0,0,0,0,0],[0,1,0.011999098976908526,0.03753427281233495,0.0034538575892268568,0.052585685013413992,0.027346467968911305,0.03753427281233495,0.03753427281233495,0.029461036605717937,0.068393360620739807,0.082275448418156774,0.016392641167004989,0.03753427281233495],[0,0.011999098976908526,1,0,0,0,0,0,0,0.0091647995840171727,0,0,0.0048296546113252709,0.03753427281233495],[0,0.03753427281233495,0,1,0.26100126021657916,0.019560431003895665,0.27178351098514891,0.10097928530584227,0.03753427281233495,0.023750919969273782,0.32568784022388853,0.068393360620739807,0.0091647995840171727,0.10097928530584227],[0,0.0034538575892268568,0,0.26100126021657916,1,0.052585685013413992,0.27352327522935388,0.011999098976908526,0.011999098976908526,0,0.18826721087667056,0.0091647995840171727,0,0],[0,0.052585685013413992,0,0.019560431003895665,0.052585685013413992,1,0.042891985515912841,0.32568784022388853,0,0,0.0072294319155411183,0.32568784022388853,0,0],[0,0.027346467968911305,0,0.27178351098514891,0.27352327522935388,0.042891985515912841,1,0.016392641167004989,0.087874376711873176,0.03753427281233495,0.305986602951492,0.011999098976908526,0.019560431003895665,0.049501276671065977],[0,0.03753427281233495,0,0.10097928530584227,0.011999098976908526,0.32568784022388853,0.016392641167004989,1,0,0,0.068393360620739807,0.89961885562938126,0,0],[0,0.03753427281233495,0,0.03753427281233495,0.011999098976908526,0,0.087874376711873176,0,1,0.91993097384579448,0.68574563429279045,0,0.55468612964981845,1],[0,0.029461036605717937,0.0091647995840171727,0.023750919969273782,0,0,0.03753427281233495,0,0.91993097384579448,1,0.5442033162640002,0.068393360620739807,0.475391062573035,0.92190648315005508],[0,0.068393360620739807,0,0.32568784022388853,0.18826721087667056,0.0072294319155411183,0.305986602951492,0.068393360620739807,0.68574563429279045,0.5442033162640002,1,0.10097928530584227,0.367993311389692,0.60885440507873478],[0,0.082275448418156774,0,0.068393360620739807,0.0091647995840171727,0.32568784022388853,0.011999098976908526,0.89961885562938126,0,0.068393360620739807,0.10097928530584227,1,0,0],[0,0.016392641167004989,0.0048296546113252709,0.0091647995840171727,0,0,0.019560431003895665,0,0.55468612964981845,0.475391062573035,0.367993311389692,0,1,0.503418149216112],[0,0.03753427281233495,0.03753427281233495,0.10097928530584227,0,0,0.049501276671065977,0,1,0.92190648315005508,0.60885440507873478,0,0.503418149216112,1]]}