{"matrix_with_context":[[1,0.0013211724340855455,0,0,0,0,0,0,0,0,0.0022777924281824243,0],[0.0013211724340855455,1,0,0.0025923195846382528,0.0081110432278934559,0.011999098976908526,0,0,0,0,0,0],[0,0,1,0.061028881996090446,0.041731412759274479,0.027346467968911305,0.0034538575892268568,0.0040555704522478525,0.0058489631431305625,0.0040555704522478525,0.0034538575892268568,0.0048296546113252709],[0,0.0025923195846382528,0.061028881996090446,1,0.24485105535570836,0.16529617667111993,0.0058489631431305625,0.0072294319155411183,0.068393360620739807,0.023750919969273782,0.0058489631431305625,0.0091647995840171727],[0,0.0081110432278934559,0.041731412759274479,0.24485105535570836,1,0.18575377356354245,0.0048296546113252709,0.0058489631431305625,0.054807239502536013,0.019560431003895665,0.0048296546113252709,0.0072294319155411183],[0,0.011999098976908526,0.027346467968911305,0.16529617667111993,0.18575377356354245,1,0,0,0.38738178682260033,0.13356650750221294,0.029461036605717937,0.087874376711873176],[0,0,0.0034538575892268568,0.0058489631431305625,0.0048296546113252709,0,1,0.47779211922748288,0.23589722086215964,0.16529617667111993,0.18826721087667056,0.1957469410690782],[0,0,0.0040555704522478525,0.0072294319155411183,0.0058489631431305625,0,0.47779211922748288,1,0.29054636929714839,0.1957469410690782,0.21660451007200782,0.23589722086215964],[0,0,0.0058489631431305625,0.068393360620739807,0.054807239502536013,0.38738178682260033,0.23589722086215964,0.29054636929714839,1,0.6416731110615701,0.29782427989471427,0.60074275976456537],[0,0,0.0040555704522478525,0.023750919969273782,0.019560431003895665,0.13356650750221294,0.16529617667111993,0.1957469410690782,0.6416731110615701,1,0.19148399940098593,0.475391062573035],[0.0022777924281824243,0,0.0034538575892268568,0.0058489631431305625,0.0048296546113252709,0.029461036605717937,0.18826721087667056,0.21660451007200782,0.29782427989471427,0.19148399940098593,1,0.27812910984475858],[0,0,0.0048296546113252709,0.0091647995840171727,0.0072294319155411183,0.087874376711873176,0.1957469410690782,0.23589722086215964,0.60074275976456537,0.475391062573035,0.27812910984475858,1]],"matrix_without_context":[[1,0,0,0,0,0,0,0,0,0,0,0],[0,1,0.0029768564767243791,0.0034538575892268568,0.0058489631431305625,0.0029768564767243791,0.0058489631431305625,0,0.0058489631431305625,0.0040555704522478525,0,0],[0,0.0029768564767243791,1,0.013938903334611591,0,0.0034538575892268568,0.0072294319155411183,0,0,0,0,0],[0,0.0034538575892268568,0.013938903334611591,1,0.19148399940098593,0.0040555704522478525,0.029461036605717937,0,0.082275448418156774,0.057790890043389789,0,0.0048296546113252709],[0,0.0058489631431305625,0,0.19148399940098593,1,0.11734011782473977,0.023750919969273782,0,0.38738178682260033,0.302605583653328,0.0040555704522478525,0.0091647995840171727],[0,0.0029768564767243791,0.0034538575892268568,0.0040555704522478525,0.11734011782473977,1,0,0,0.11734011782473977,0.049501276671065977,0,0.0040555704522478525],[0,0.0058489631431305625,0.0072294319155411183,0.029461036605717937,0.023750919969273782,0,1,0.69082370811937455,0.068393360620739807,0.011999098976908526,0.095019041149513025,0],[0,0,0,0,0,0,0.69082370811937455,1,0.03753427281233495,0,0.10753287734811902,0],[0,0.0058489631431305625,0,0.082275448418156774,0.38738178682260033,0.11734011782473977,0.068393360620739807,0.03753427281233495,1,0.45496440993935694,0.0040555704522478525,0.029461036605717937],[0,0.0040555704522478525,0,0.057790890043389789,0.302605583653328,0.049501276671065977,0.011999098976908526,0,0.45496440993935694,1,0,0.079173757109080284],[0,0,0,0,0.0040555704522478525,0,0.095019041149513025,0.10753287734811902,0.0040555704522478525,0,1,0],[0,0,0,0.0048296546113252709,0.0091647995840171727,0.0040555704522478525,0,0,0.029461036605717937,0.079173757109080284,0,1]]}