{"matrix_with_context":[[1,0.0025923195846382528,0.0040555704522478525,0.0016143587634129823,0.0040555704522478525,0,0.0012036742494833045],[0.0025923195846382528,1,0.69082370811937455,0.16529617667111993,0.58348764142472931,0,0.033128761365810756],[0.0040555704522478525,0.69082370811937455,1,0.19148399940098593,1,0,0.049501276671065977],[0.0016143587634129823,0.16529617667111993,0.19148399940098593,1,0.19148399940098593,0,0.013242899847723307],[0.0040555704522478525,0.58348764142472931,1,0.19148399940098593,1,0,0.031832942175295559],[0,0,0,0,0,1,0],[0.0012036742494833045,0.033128761365810756,0.049501276671065977,0.013242899847723307,0.031832942175295559,0,1]],"matrix_without_context":[[1,0.016392641167004989,0,0.023750919969273782,0,0,0],[0.016392641167004989,1,0.43942422276410337,0.079173757109080284,0.302605583653328,0.0058489631431305625,0.0091647995840171727],[0,0.43942422276410337,1,0.029461036605717937,0.5695571072448129,0,0],[0.023750919969273782,0.079173757109080284,0.029461036605717937,1,0.0058489631431305625,0.011999098976908526,0.0048296546113252709],[0,0.302605583653328,0.5695571072448129,0.0058489631431305625,1,0,0],[0,0.0058489631431305625,0,0.011999098976908526,0,1,0.031832942175295559],[0,0.0091647995840171727,0,0.0048296546113252709,0,0.031832942175295559,1]]}