{"matrix_with_context":[[1,0.34745605695383575,0.1957469410690782,0.20166435442006905,0.16529617667111993,0.23589722086215964],[0.34745605695383575,1,0.46243130793865689,0.63135375081592382,0.43942422276410337,0.52173098990921374],[0.1957469410690782,0.46243130793865689,1,0.72625338056190414,0.69082370811937455,0.70960684217289294],[0.20166435442006905,0.63135375081592382,0.72625338056190414,1,0.8337666549946805,0.85955267948711633],[0.16529617667111993,0.43942422276410337,0.69082370811937455,0.8337666549946805,1,0.82929087416122771],[0.23589722086215964,0.52173098990921374,0.70960684217289294,0.85955267948711633,0.82929087416122771,1]],"matrix_without_context":[[1,0.20166435442006905,0,0.52173098990921374,0,0.25218762567544],[0.20166435442006905,1,0.29054636929714839,0.38738178682260033,0.068393360620739807,0.20166435442006905],[0,0.29054636929714839,1,1,1,0.66946987211284359],[0.52173098990921374,0.38738178682260033,1,1,1,0.85303806821857564],[0,0.068393360620739807,1,1,1,0.76646943453263383],[0.25218762567544,0.20166435442006905,0.66946987211284359,0.85303806821857564,0.76646943453263383,1]]}