{"matrix_with_context":[[1,1,0.85955267948711633,0.89961885562938126,1,1,1,0.74110574870396628],[1,1,0.80869414296759312,0.91993097384579448,1,1,1,0.80068132633020217],[0.85955267948711633,0.80869414296759312,1,0.73388534398155536,0.80869414296759312,0.80869414296759312,0.80869414296759312,0.613567737361717],[0.89961885562938126,0.91993097384579448,0.73388534398155536,1,0.92892155650183061,0.91993097384579448,0.9237868937967405,0.75284616416639061],[1,1,0.80869414296759312,0.92892155650183061,1,1,1,0.81608923673222156],[1,1,0.80869414296759312,0.91993097384579448,1,1,1,0.78732395728382543],[1,1,0.80869414296759312,0.9237868937967405,1,1,1,0.80476967288698187],[0.74110574870396628,0.80068132633020217,0.613567737361717,0.75284616416639061,0.81608923673222156,0.78732395728382543,0.80476967288698187,1]],"matrix_without_context":[[1,0.87604121144607516,0.74110574870396628,1,1,0.90833807169528191,0.88504069074476588,1],[0.87604121144607516,1,0.4144824997410867,0.88071027878047436,0.90560488392429139,0.86551495514281218,0.85955267948711633,0.90560488392429139],[0.74110574870396628,0.4144824997410867,1,0.61664838769664443,0.5442033162640002,0.55468612964981845,0.4837036383374641,0.49700969553598839],[1,0.88071027878047436,0.61664838769664443,1,1,0.90270379534291678,0.88906797073604538,1],[1,0.90560488392429139,0.5442033162640002,1,1,0.91993097384579448,0.91335582996733766,1],[0.90833807169528191,0.86551495514281218,0.55468612964981845,0.90270379534291678,0.91993097384579448,1,0.88906797073604538,0.93340820557187709],[0.88504069074476588,0.85955267948711633,0.4837036383374641,0.88906797073604538,0.91335582996733766,0.88906797073604538,1,0.92728861586556688],[1,0.90560488392429139,0.49700969553598839,1,1,0.93340820557187709,0.92728861586556688,1]]}