{"matrix_with_context":[[1,0.32568784022388853,0.503418149216112,0.011999098976908526,0.03753427281233495,0.03753427281233495,0.03753427281233495,0.023750919969273782,0.023750919969273782,0.03753427281233495,0.03753427281233495],[0.32568784022388853,1,0.63135375081592382,0.011999098976908526,0,0.03753427281233495,0,0,0,0,0],[0.503418149216112,0.63135375081592382,1,0,0,0,0,0,0,0,0],[0.011999098976908526,0.011999098976908526,0,1,0.80476967288698187,0.80869414296759312,0.80476967288698187,0.72023786948305613,0.71395404202537516,0.77205572242034937,0.77205572242034937],[0.03753427281233495,0,0,0.80476967288698187,1,1,1,0.91566428005117884,0.91566428005117884,1,1],[0.03753427281233495,0.03753427281233495,0,0.80869414296759312,1,1,1,0.91566428005117884,0.91566428005117884,1,1],[0.03753427281233495,0,0,0.80476967288698187,1,1,1,0.91566428005117884,0.91566428005117884,1,1],[0.023750919969273782,0,0,0.72023786948305613,0.91566428005117884,0.91566428005117884,0.91566428005117884,1,0.9011853814064501,0.94856172512354742,0.94771178421162194],[0.023750919969273782,0,0,0.71395404202537516,0.91566428005117884,0.91566428005117884,0.91566428005117884,0.9011853814064501,1,0.94771178421162194,0.94683328843174164],[0.03753427281233495,0,0,0.77205572242034937,1,1,1,0.94856172512354742,0.94771178421162194,1,1],[0.03753427281233495,0,0,0.77205572242034937,1,1,1,0.94771178421162194,0.94683328843174164,1,1]],"matrix_without_context":[[1,0.305986602951492,0.305986602951492,0,0,0,0,0,0,0,0],[0.305986602951492,1,0.802746616928881,0.03753427281233495,0,0,0,0,0,0,0],[0.305986602951492,0.802746616928881,1,0,0,0,0,0,0,0,0],[0,0.03753427281233495,0,1,0.75755963235550883,0.77475024407828419,0.68049963816715942,0.32568784022388853,0.32568784022388853,0.43942422276410337,0.32568784022388853],[0,0,0,0.75755963235550883,1,1,0.91566428005117884,0.63135375081592382,0.66946987211284359,1,0.58348764142472931],[0,0,0,0.77475024407828419,1,1,0.93048278580024735,0.63135375081592382,0.66946987211284359,1,0.63135375081592382],[0,0,0,0.68049963816715942,0.91566428005117884,0.93048278580024735,1,0.4837036383374641,0.55468612964981845,0.63135375081592382,0.43942422276410337],[0,0,0,0.32568784022388853,0.63135375081592382,0.63135375081592382,0.4837036383374641,1,0.85303806821857564,0.92190648315005508,0.84954912628525936],[0,0,0,0.32568784022388853,0.66946987211284359,0.66946987211284359,0.55468612964981845,0.85303806821857564,1,0.90833807169528191,0.82456797807736715],[0,0,0,0.43942422276410337,1,1,0.63135375081592382,0.92190648315005508,0.90833807169528191,1,0.92190648315005508],[0,0,0,0.32568784022388853,0.58348764142472931,0.63135375081592382,0.43942422276410337,0.84954912628525936,0.82456797807736715,0.92190648315005508,1]]}