{"matrix_with_context":[[1,1,1,0.94300290984055279,1,1,0.87604121144607516,1],[1,1,1,0.94300290984055279,1,1,0.87099219668878736,1],[1,1,1,0.93857790629280613,1,1,0.89282284594887551,1],[0.94300290984055279,0.94300290984055279,0.93857790629280613,1,0.940873064963423,0.93857790629280613,0.82293520402247555,0.9373622021676894],[1,1,1,0.940873064963423,1,1,0.89961885562938126,1],[1,1,1,0.93857790629280613,1,1,0.9011853814064501,1],[0.87604121144607516,0.87099219668878736,0.89282284594887551,0.82293520402247555,0.89961885562938126,0.9011853814064501,1,0.88906797073604538],[1,1,1,0.9373622021676894,1,1,0.88906797073604538,1]],"matrix_without_context":[[1,0.93609741512283307,0.80869414296759312,0.93857790629280613,0.80068132633020217,0.87356703492623478,0.92190648315005508,0.770684246923098],[0.93609741512283307,1,0.85636909672498807,1,0.84954912628525936,0.9237868937967405,1,0.80476967288698187],[0.80869414296759312,0.85636909672498807,1,0.88291547371230727,0.80576576434428293,0.832300980355251,0.87842050966637164,0.68261871054520085],[0.93857790629280613,1,0.88291547371230727,1,0.87356703492623478,0.93048278580024735,1,0.80476967288698187],[0.80068132633020217,0.84954912628525936,0.80576576434428293,0.87356703492623478,1,0.832300980355251,0.88504069074476588,0.67617633565453794],[0.87356703492623478,0.9237868937967405,0.832300980355251,0.93048278580024735,0.832300980355251,1,0.94195751511670334,0.75755963235550883],[0.92190648315005508,1,0.87842050966637164,1,0.88504069074476588,0.94195751511670334,1,0.77738206260364073],[0.770684246923098,0.80476967288698187,0.68261871054520085,0.80476967288698187,0.67617633565453794,0.75755963235550883,0.77738206260364073,1]]}