{"matrix_with_context":[[1,1,1,1,1,1,1,1],[1,1,1,1,1,1,1,1],[1,1,1,1,1,1,1,1],[1,1,1,1,1,1,1,1],[1,1,1,1,1,1,1,1],[1,1,1,1,1,1,1,1],[1,1,1,1,1,1,1,1],[1,1,1,1,1,1,1,1]],"matrix_without_context":[[1,0.85636909672498807,0.80869414296759312,0.83801418019047558,0.93857790629280613,0.92728861586556688,0.93857790629280613,0.93857790629280613],[0.85636909672498807,1,0.77738206260364073,0.81957697688458475,0.93048278580024735,0.91566428005117884,0.93197692469577953,0.93197692469577953],[0.80869414296759312,0.77738206260364073,1,0.7620975293440504,0.87842050966637164,0.87356703492623478,0.87099219668878736,0.87356703492623478],[0.83801418019047558,0.81957697688458475,0.7620975293440504,1,0.89800189622854043,0.87604121144607516,0.89961885562938126,0.89800189622854043],[0.93857790629280613,0.93048278580024735,0.87842050966637164,0.89800189622854043,1,1,1,1],[0.92728861586556688,0.91566428005117884,0.87356703492623478,0.87604121144607516,1,1,1,1],[0.93857790629280613,0.93197692469577953,0.87099219668878736,0.89961885562938126,1,1,1,1],[0.93857790629280613,0.93197692469577953,0.87356703492623478,0.89800189622854043,1,1,1,1]]}