{"matrix_with_context":[[1,0.94683328843174164,0.86259838045151771,1,1,0.94300290984055279,0.93197692469577953,1],[0.94683328843174164,1,0.81957697688458475,0.93340820557187709,0.93478051224678316,0.89800189622854043,0.88071027878047436,0.9373622021676894],[0.86259838045151771,0.81957697688458475,1,0.89633202970679726,0.894606618266328,0.81246436674032907,0.782466108322267,0.84954912628525936],[1,0.93340820557187709,0.89633202970679726,1,1,0.93048278580024735,0.91785296792380566,1],[1,0.93478051224678316,0.894606618266328,1,1,0.93340820557187709,0.91785296792380566,1],[0.94300290984055279,0.89800189622854043,0.81246436674032907,0.93048278580024735,0.93340820557187709,1,0.87099219668878736,0.93340820557187709],[0.93197692469577953,0.88071027878047436,0.782466108322267,0.91785296792380566,0.91785296792380566,0.87099219668878736,1,0.94195751511670334],[1,0.9373622021676894,0.84954912628525936,1,1,0.93340820557187709,0.94195751511670334,1]],"matrix_without_context":[[1,0.58348764142472931,0.64498740176247749,0.66946987211284359,0.59656183305962562,0.66069038817449055,0.475391062573035,0.52173098990921374],[0.58348764142472931,1,0.72625338056190414,0.74110574870396628,0.69330224607801139,0.69330224607801139,0.54845356049393934,0.59656183305962562],[0.64498740176247749,0.72625338056190414,1,1,0.92728861586556688,0.87604121144607516,0.66946987211284359,0.81957697688458475],[0.66946987211284359,0.74110574870396628,1,1,0.92557890878718818,0.88071027878047436,0.66946987211284359,0.82929087416122771],[0.59656183305962562,0.69330224607801139,0.92728861586556688,0.92557890878718818,1,0.802746616928881,0.58348764142472931,0.68574563429279045],[0.66069038817449055,0.69330224607801139,0.87604121144607516,0.88071027878047436,0.802746616928881,1,0.6576605631976371,0.71395404202537516],[0.475391062573035,0.54845356049393934,0.66946987211284359,0.66946987211284359,0.58348764142472931,0.6576605631976371,1,0.76060379900416775],[0.52173098990921374,0.59656183305962562,0.81957697688458475,0.82929087416122771,0.68574563429279045,0.71395404202537516,0.76060379900416775,1]]}