{"matrix_with_context":[[1,0.93609741512283307,0.89961885562938126,0.81608923673222156,1,1,0.86259838045151771,0.92892155650183061],[0.93609741512283307,1,0.82929087416122771,0.737544897130348,0.92892155650183061,0.92557890878718818,0.80476967288698187,0.85636909672498807],[0.89961885562938126,0.82929087416122771,1,0.74388600174489083,0.88291547371230727,0.88291547371230727,0.75755963235550883,0.8261709826888769],[0.81608923673222156,0.737544897130348,0.74388600174489083,1,0.81608923673222156,0.84589079041384407,0.73536126874438745,0.802746616928881],[1,0.92892155650183061,0.88291547371230727,0.81608923673222156,1,1,0.85636909672498807,0.93340820557187709],[1,0.92557890878718818,0.88291547371230727,0.84589079041384407,1,1,0.87842050966637164,0.9440113212095137],[0.86259838045151771,0.80476967288698187,0.75755963235550883,0.73536126874438745,0.85636909672498807,0.87842050966637164,1,0.81957697688458475],[0.92892155650183061,0.85636909672498807,0.8261709826888769,0.802746616928881,0.93340820557187709,0.9440113212095137,0.81957697688458475,1]],"matrix_without_context":[[1,0.75443744939597512,0.79641865773734644,0.75755963235550883,1,0.84589079041384407,1,1],[0.75443744939597512,1,0.61664838769664443,0.56075318675449481,0.75443744939597512,0.62043190647442548,0.68049963816715942,0.68049963816715942],[0.79641865773734644,0.61664838769664443,1,0.60402674120718192,0.80476967288698187,0.6416731110615701,0.64498740176247749,0.700507010760774],[0.75755963235550883,0.56075318675449481,0.60402674120718192,1,0.82456797807736715,0.74110574870396628,0.80869414296759312,0.82456797807736715],[1,0.75443744939597512,0.80476967288698187,0.82456797807736715,1,0.88906797073604538,1,1],[0.84589079041384407,0.62043190647442548,0.6416731110615701,0.74110574870396628,0.88906797073604538,1,0.88906797073604538,0.89633202970679726],[1,0.68049963816715942,0.64498740176247749,0.80869414296759312,1,0.88906797073604538,1,1],[1,0.68049963816715942,0.700507010760774,0.82456797807736715,1,0.89633202970679726,1,1]]}