{"matrix_with_context":[[1,1,0.88906797073604538],[1,1,0.88906797073604538],[0.88906797073604538,0.88906797073604538,1]],"matrix_without_context":[[1,0.87604121144607516,0.76646943453263383],[0.87604121144607516,1,1],[0.76646943453263383,1,1]]}