{"matrix_with_context":[[1,1,0.88504069074476588,0.11033862621988332],[1,1,0.89633202970679726,0.11033862621988332],[0.88504069074476588,0.89633202970679726,1,0.11734011782473977],[0.11033862621988332,0.11033862621988332,0.11734011782473977,1]],"matrix_without_context":[[1,1,1,0],[1,1,1,0],[1,1,1,0],[0,0,0,1]]}