{"matrix_with_context":[[1,0,0,0,0,0,0,0,0,0,0,0],[0,1,0.6576605631976371,0.027346467968911305,0,0,0.0040555704522478525,0,0,0,0,0],[0,0.6576605631976371,1,0.023750919969273782,0,0,0.0034538575892268568,0,0,0,0,0],[0,0.027346467968911305,0.023750919969273782,1,0,0,0.0099860113282919782,0,0,0,0,0],[0,0,0,0,1,1,0,0,0,0,0,0],[0,0,0,0,1,1,0,0,0,0,0,0],[0,0.0040555704522478525,0.0034538575892268568,0.0099860113282919782,0,0,1,0,0,0,0,0],[0,0,0,0,0,0,0,1,0.55468612964981845,0.58348764142472931,0.58348764142472931,0.27812910984475858],[0,0,0,0,0,0,0,0.55468612964981845,1,0.32568784022388853,0.32568784022388853,0.26793175283660747],[0,0,0,0,0,0,0,0.58348764142472931,0.32568784022388853,1,1,0.81429444204748158],[0,0,0,0,0,0,0,0.58348764142472931,0.32568784022388853,1,1,0.81957697688458475],[0,0,0,0,0,0,0,0.27812910984475858,0.26793175283660747,0.81429444204748158,0.81957697688458475,1]],"matrix_without_context":[[1,0,0,0,0.016392641167004989,0.011999098976908526,0,0,0,0,0,0],[0,1,0.4837036383374641,0.16529617667111993,0,0,0.13356650750221294,0,0,0,0,0],[0,0.4837036383374641,1,0.25218762567544,0.068393360620739807,0.023750919969273782,0.3578733656260219,0,0,0,0,0],[0,0.16529617667111993,0.25218762567544,1,0,0,0.21042811478322881,0,0,0,0,0],[0.016392641167004989,0,0.068393360620739807,0,1,0.78967270465186667,0.068393360620739807,0.068393360620739807,0,0,0,0.03753427281233495],[0.011999098976908526,0,0.023750919969273782,0,0.78967270465186667,1,0.023750919969273782,0.068393360620739807,0,0.068393360620739807,0.03753427281233495,0.049501276671065977],[0,0.13356650750221294,0.3578733656260219,0.21042811478322881,0.068393360620739807,0.023750919969273782,1,0,0,0,0,0.016392641167004989],[0,0,0,0,0.068393360620739807,0.068393360620739807,0,1,0.52173098990921374,0.068393360620739807,0.03753427281233495,0.016392641167004989],[0,0,0,0,0,0,0,0.52173098990921374,1,0.068393360620739807,0.03753427281233495,0],[0,0,0,0,0,0.068393360620739807,0,0.068393360620739807,0.068393360620739807,1,0.88071027878047436,0.63135375081592382],[0,0,0,0,0,0.03753427281233495,0,0.03753427281233495,0.03753427281233495,0.88071027878047436,1,0.503418149216112],[0,0,0,0,0.03753427281233495,0.049501276671065977,0.016392641167004989,0.016392641167004989,0,0.63135375081592382,0.503418149216112,1]]}