{"matrix_with_context":[[1,0.64498740176247749,0.0058489631431305625,0,0,0,0,0,0,0,0,0],[0.64498740176247749,1,0.0048296546113252709,0,0,0,0,0,0,0,0,0],[0.0058489631431305625,0.0048296546113252709,1,0.18826721087667056,0.14426559739093756,0.062004854184660993,0.0064843534204155418,0.0072294319155411183,0.0072294319155411183,0.0058489631431305625,0.0072294319155411183,0],[0,0,0.18826721087667056,1,0.89282284594887551,0.305986602951492,0.019560431003895665,1,1,0.16529617667111993,1,0],[0,0,0.14426559739093756,0.89282284594887551,1,0.27178351098514891,0.016392641167004989,0.16529617667111993,0.16529617667111993,0.068393360620739807,0.16529617667111993,0],[0,0,0.062004854184660993,0.305986602951492,0.27178351098514891,1,0.023750919969273782,0.0091647995840171727,0.0091647995840171727,0.0072294319155411183,0.0091647995840171727,0],[0,0,0.0064843534204155418,0.019560431003895665,0.016392641167004989,0.023750919969273782,1,0.0058489631431305625,0.0058489631431305625,0.0048296546113252709,0.0058489631431305625,0],[0,0,0.0072294319155411183,1,0.16529617667111993,0.0091647995840171727,0.0058489631431305625,1,1,0.940873064963423,1,0.93478051224678316],[0,0,0.0072294319155411183,1,0.16529617667111993,0.0091647995840171727,0.0058489631431305625,1,1,0.94195751511670334,1,0.93609741512283307],[0,0,0.0058489631431305625,0.16529617667111993,0.068393360620739807,0.0072294319155411183,0.0048296546113252709,0.940873064963423,0.94195751511670334,1,0.93974732960849294,0.87842050966637164],[0,0,0.0072294319155411183,1,0.16529617667111993,0.0091647995840171727,0.0058489631431305625,1,1,0.93974732960849294,1,0.93609741512283307],[0,0,0,0,0,0,0,0.93478051224678316,0.93609741512283307,0.87842050966637164,0.93609741512283307,1]],"matrix_without_context":[[1,0.700507010760774,0,0,0.068393360620739807,0.023750919969273782,0,0.16529617667111993,0.068393360620739807,0.068393360620739807,0.068393360620739807,0.32568784022388853],[0.700507010760774,1,0,0,0,0,0,0,0,0,0,0],[0,0,1,0.56470905735878529,0.503418149216112,0.16529617667111993,0,0,0,0,0,0],[0,0,0.56470905735878529,1,0.89961885562938126,0.46970564488467387,0,0,0,0,0,0],[0.068393360620739807,0,0.503418149216112,0.89961885562938126,1,0.4837036383374641,0,0,0,0,0,0],[0.023750919969273782,0,0.16529617667111993,0.46970564488467387,0.4837036383374641,1,0,0,0,0,0,0],[0,0,0,0,0,0,1,0,0,0,0,0],[0.16529617667111993,0,0,0,0,0,0,1,0.92728861586556688,0.93048278580024735,0.93478051224678316,1],[0.068393360620739807,0,0,0,0,0,0,0.92728861586556688,1,0.86259838045151771,0.86551495514281218,0.92892155650183061],[0.068393360620739807,0,0,0,0,0,0,0.93048278580024735,0.86259838045151771,1,0.88071027878047436,0.93857790629280613],[0.068393360620739807,0,0,0,0,0,0,0.93478051224678316,0.86551495514281218,0.88071027878047436,1,0.93974732960849294],[0.32568784022388853,0,0,0,0,0,0,1,0.92892155650183061,0.93857790629280613,0.93974732960849294,1]]}