{"matrix_with_context":[[1,0.75755963235550883,0,0,0,0,0],[0.75755963235550883,1,0,0,0,0,0],[0,0,1,0,0.10097928530584227,0.28526904819372234,0.20166435442006905],[0,0,0,1,0.0040555704522478525,0.03753427281233495,0.0048296546113252709],[0,0,0.10097928530584227,0.0040555704522478525,1,0.49700969553598839,0.88504069074476588],[0,0,0.28526904819372234,0.03753427281233495,0.49700969553598839,1,0.66946987211284359],[0,0,0.20166435442006905,0.0048296546113252709,0.88504069074476588,0.66946987211284359,1]],"matrix_without_context":[[1,1,0,0,0,0,0],[1,1,0,0,0,0,0],[0,0,1,0,0.079173757109080284,0.12276874354363791,0.054807239502536013],[0,0,0,1,0,0,0],[0,0,0.079173757109080284,0,1,0.14957205893541087,0.16529617667111993],[0,0,0.12276874354363791,0,0.14957205893541087,1,0.20166435442006905],[0,0,0.054807239502536013,0,0.16529617667111993,0.20166435442006905,1]]}