{"matrix_with_context":[[1,1,0,0,0,0,0,0,0,0,0,0],[1,1,0,0,0,0,0,0,0,0,0,0],[0,0,1,0.087874376711873176,0.068393360620739807,0,0.049501276671065977,0.20166435442006905,0.23589722086215964,0.011999098976908526,0.011999098976908526,0.03753427281233495],[0,0,0.087874376711873176,1,0.89633202970679726,0.044938057663749864,0.3984965425184302,0,0,0,0,0],[0,0,0.068393360620739807,0.89633202970679726,1,0.03753427281233495,0.34745605695383575,0,0,0,0,0],[0,0,0,0.044938057663749864,0.03753427281233495,1,0.061028881996090446,0,0,0,0,0.0058489631431305625],[0,0,0.049501276671065977,0.3984965425184302,0.34745605695383575,0.061028881996090446,1,0,0,0,0,0],[0,0,0.20166435442006905,0,0,0,0,1,1,0.79641865773734644,0.72625338056190414,0.782466108322267],[0,0,0.23589722086215964,0,0,0,0,1,1,0.79641865773734644,0.72625338056190414,0.782466108322267],[0,0,0.011999098976908526,0,0,0,0,0.79641865773734644,0.79641865773734644,1,0.80869414296759312,0.74794679924355634],[0,0,0.011999098976908526,0,0,0,0,0.72625338056190414,0.72625338056190414,0.80869414296759312,1,0.76646943453263383],[0,0,0.03753427281233495,0,0,0.0058489631431305625,0,0.782466108322267,0.782466108322267,0.74794679924355634,0.76646943453263383,1]],"matrix_without_context":[[1,0.86551495514281218,0,0,0,0,0,0,0,0,0,0],[0.86551495514281218,1,0,0,0,0,0,0,0,0,0,0],[0,0,1,0,0,0,0,0.34745605695383575,0.26348866736294896,0.03753427281233495,0.03753427281233495,0.12709828237865858],[0,0,0,1,0.70960684217289294,0.087874376711873176,0.37588203934864839,0,0.068393360620739807,0,0,0],[0,0,0,0.70960684217289294,1,0.068393360620739807,0.32568784022388853,0,0.03753427281233495,0,0,0],[0,0,0,0.087874376711873176,0.068393360620739807,1,0.068393360620739807,0,0,0,0,0],[0,0,0,0.37588203934864839,0.32568784022388853,0.068393360620739807,1,0,0.016392641167004989,0,0,0],[0,0,0.34745605695383575,0,0,0,0,1,0.88906797073604538,1,1,0.53877983779138638],[0,0,0.26348866736294896,0.068393360620739807,0.03753427281233495,0,0.016392641167004989,0.88906797073604538,1,0.32568784022388853,0.32568784022388853,0.45797472464962458],[0,0,0.03753427281233495,0,0,0,0,1,0.32568784022388853,1,1,0.023750919969273782],[0,0,0.03753427281233495,0,0,0,0,1,0.32568784022388853,1,1,0.068393360620739807],[0,0,0.12709828237865858,0,0,0,0,0.53877983779138638,0.45797472464962458,0.023750919969273782,0.068393360620739807,1]]}