{"matrix_with_context":[[1,0,0.10602120046950696,0,0.023750919969273782,0],[0,1,0,0.75443744939597512,0.27812910984475858,0.83801418019047558],[0.10602120046950696,0,1,0,0.057790890043389789,0],[0,0.75443744939597512,0,1,0.29782427989471427,0.90833807169528191],[0.023750919969273782,0.27812910984475858,0.057790890043389789,0.29782427989471427,1,0.38738178682260033],[0,0.83801418019047558,0,0.90833807169528191,0.38738178682260033,1]],"matrix_without_context":[[1,0,0.38738178682260033,0,0.0091647995840171727,0],[0,1,0,0.83801418019047558,0.03753427281233495,0.88071027878047436],[0.38738178682260033,0,1,0,0.0058489631431305625,0],[0,0.83801418019047558,0,1,0.049501276671065977,1],[0.0091647995840171727,0.03753427281233495,0.0058489631431305625,0.049501276671065977,1,0.049501276671065977],[0,0.88071027878047436,0,1,0.049501276671065977,1]]}