{"matrix_with_context":[[1,0.88071027878047436,0.0927848763623698,0,0,0,0,0,0],[0.88071027878047436,1,0.11033862621988332,0,0,0,0,0,0],[0.0927848763623698,0.11033862621988332,1,0,0.019560431003895665,0.0072294319155411183,0.019560431003895665,0,0],[0,0,0,1,0,0,0,0,0],[0,0,0.019560431003895665,0,1,0.700507010760774,0.55468612964981845,0.25218762567544,0.25218762567544],[0,0,0.0072294319155411183,0,0.700507010760774,1,0.60074275976456537,0.32568784022388853,0.32568784022388853],[0,0,0.019560431003895665,0,0.55468612964981845,0.60074275976456537,1,0.38738178682260033,0.38738178682260033],[0,0,0,0,0.25218762567544,0.32568784022388853,0.38738178682260033,1,0.6416731110615701],[0,0,0,0,0.25218762567544,0.32568784022388853,0.38738178682260033,0.6416731110615701,1]],"matrix_without_context":[[1,1,1,0,0.023750919969273782,0.068393360620739807,0,0.068393360620739807,0],[1,1,1,0,0,0,0,0.068393360620739807,0],[1,1,1,0,0.068393360620739807,0.068393360620739807,0,0.068393360620739807,0.068393360620739807],[0,0,0,1,0,0,0,0,0.0048296546113252709],[0.023750919969273782,0,0.068393360620739807,0,1,0.40570061213457737,0.18575377356354245,0,0],[0.068393360620739807,0,0.068393360620739807,0,0.40570061213457737,1,0.26348866736294896,0,0],[0,0,0,0,0.18575377356354245,0.26348866736294896,1,0,0],[0.068393360620739807,0.068393360620739807,0.068393360620739807,0,0,0,0,1,0.55468612964981845],[0,0,0.068393360620739807,0.0048296546113252709,0,0,0,0.55468612964981845,1]]}