{"matrix_with_context":[[1,0,0,0,0,0,0,0,0,0,0,0],[0,1,0.88504069074476588,0,0,0.16529617667111993,0.12709828237865858,0.32568784022388853,0.068393360620739807,0.16529617667111993,0.12709828237865858,0.10097928530584227],[0,0.88504069074476588,1,0,0,0.32568784022388853,0.21042811478322881,1,0.32568784022388853,0.22473070243894697,0.21042811478322881,0.16529617667111993],[0,0,0,1,1,0,0,0,0,0,0.11734011782473977,0.16529617667111993],[0,0,0,1,1,0,0,0,0,0,0.11734011782473977,0.16529617667111993],[0,0.16529617667111993,0.32568784022388853,0,0,1,0.302605583653328,0.83801418019047558,0.76646943453263383,0.32568784022388853,0.25218762567544,0.32568784022388853],[0,0.12709828237865858,0.21042811478322881,0,0,0.302605583653328,1,0.43942422276410337,0.37588203934864839,0.42542252352855342,0.34213265752257516,0.32568784022388853],[0,0.32568784022388853,1,0,0,0.83801418019047558,0.43942422276410337,1,0.92557890878718818,0.49700969553598839,0.3578733656260219,0.4837036383374641],[0,0.068393360620739807,0.32568784022388853,0,0,0.76646943453263383,0.37588203934864839,0.92557890878718818,1,0.4144824997410867,0.29782427989471427,0.367993311389692],[0,0.16529617667111993,0.22473070243894697,0,0,0.32568784022388853,0.42542252352855342,0.49700969553598839,0.4144824997410867,1,0.37920794444445788,0.37588203934864839],[0,0.12709828237865858,0.21042811478322881,0.11734011782473977,0.11734011782473977,0.25218762567544,0.34213265752257516,0.3578733656260219,0.29782427989471427,0.37920794444445788,1,0.45496440993935694],[0,0.10097928530584227,0.16529617667111993,0.16529617667111993,0.16529617667111993,0.32568784022388853,0.32568784022388853,0.4837036383374641,0.367993311389692,0.37588203934864839,0.45496440993935694,1]],"matrix_without_context":[[1,0,0,0,0,0,0,0,0,0,0,0],[0,1,0.89961885562938126,1,1,1,0.27812910984475858,1,1,0.16529617667111993,1,0.43942422276410337],[0,0.89961885562938126,1,0.43942422276410337,0.58348764142472931,0.63135375081592382,0.25218762567544,0.58348764142472931,0.43942422276410337,0.16529617667111993,0.32568784022388853,0.16529617667111993],[0,1,0.43942422276410337,1,1,0,0.03753427281233495,0,0,0,1,0.32568784022388853],[0,1,0.58348764142472931,1,1,1,0.10097928530584227,1,1,0.03753427281233495,1,0.43942422276410337],[0,1,0.63135375081592382,0,1,1,0.16529617667111993,1,1,0,0,0.16529617667111993],[0,0.27812910984475858,0.25218762567544,0.03753427281233495,0.10097928530584227,0.16529617667111993,1,0.03753427281233495,0.03753427281233495,0.10097928530584227,0.27812910984475858,0.16529617667111993],[0,1,0.58348764142472931,0,1,1,0.03753427281233495,1,1,0,0,0.16529617667111993],[0,1,0.43942422276410337,0,1,1,0.03753427281233495,1,1,0,0,0],[0,0.16529617667111993,0.16529617667111993,0,0.03753427281233495,0,0.10097928530584227,0,0,1,0.27812910984475858,0.16529617667111993],[0,1,0.32568784022388853,1,1,0,0.27812910984475858,0,0,0.27812910984475858,1,0.88906797073604538],[0,0.43942422276410337,0.16529617667111993,0.32568784022388853,0.43942422276410337,0.16529617667111993,0.16529617667111993,0.16529617667111993,0,0.16529617667111993,0.88906797073604538,1]]}