{"matrix_with_context":[[1,0,0,0.0064843534204155418,0.019560431003895665],[0,1,0.58348764142472931,0.027346467968911305,0.011999098976908526],[0,0.58348764142472931,1,0.054807239502536013,0.023750919969273782],[0.0064843534204155418,0.027346467968911305,0.054807239502536013,1,0.062004854184660993],[0.019560431003895665,0.011999098976908526,0.023750919969273782,0.062004854184660993,1]],"matrix_without_context":[[1,0,0,0,0.019560431003895665],[0,1,0.52173098990921374,0.0048296546113252709,0],[0,0.52173098990921374,1,0.0072294319155411183,0],[0,0.0048296546113252709,0.0072294319155411183,1,0.0020172482675724188],[0.019560431003895665,0,0,0.0020172482675724188,1]]}