{"matrix_with_context":[[1,0.75755963235550883,0.32568784022388853,1],[0.75755963235550883,1,0.10097928530584227,0.068393360620739807],[0.32568784022388853,0.10097928530584227,1,0.86551495514281218],[1,0.068393360620739807,0.86551495514281218,1]],"matrix_without_context":[[1,0.60074275976456537,0.068393360620739807,0.10097928530584227],[0.60074275976456537,1,0.03753427281233495,0.068393360620739807],[0.068393360620739807,0.03753427281233495,1,0.63135375081592382],[0.10097928530584227,0.068393360620739807,0.63135375081592382,1]]}