{"matrix_with_context":[[1,0.87604121144607516,0.4837036383374641,0.63135375081592382],[0.87604121144607516,1,0.74794679924355634,1],[0.4837036383374641,0.74794679924355634,1,0.87099219668878736],[0.63135375081592382,1,0.87099219668878736,1]],"matrix_without_context":[[1,0.87604121144607516,0.55468612964981845,0.38738178682260033],[0.87604121144607516,1,0.46970564488467387,0.367993311389692],[0.55468612964981845,0.46970564488467387,1,0.4144824997410867],[0.38738178682260033,0.367993311389692,0.4144824997410867,1]]}