{"matrix_with_context":[[1,0.50718819387846492,0.019560431003895665,0,0,0],[0.50718819387846492,1,0.016392641167004989,0,0,0],[0.019560431003895665,0.016392641167004989,1,0.023750919969273782,0.0034538575892268568,0.042891985515912841],[0,0,0.023750919969273782,1,0.14639183262451871,0.32568784022388853],[0,0,0.0034538575892268568,0.14639183262451871,1,0.16529617667111993],[0,0,0.042891985515912841,0.32568784022388853,0.16529617667111993,1]],"matrix_without_context":[[1,0.782466108322267,0,0,0,0],[0.782466108322267,1,0,0.023750919969273782,0.068393360620739807,0],[0,0,1,0.068393360620739807,0.031832942175295559,0.013938903334611591],[0,0.023750919969273782,0.068393360620739807,1,0.16529617667111993,0.13816512106135553],[0,0.068393360620739807,0.031832942175295559,0.16529617667111993,1,0.12709828237865858],[0,0,0.013938903334611591,0.13816512106135553,0.12709828237865858,1]]}