{"matrix_with_context":[[1,0.0034538575892268568,0.0091647995840171727,0.016392641167004989,0.0029768564767243791,0,0,0,0],[0.0034538575892268568,1,0.25218762567544,0.76646943453263383,0.26793175283660747,0.068393360620739807,0.0091647995840171727,0,0],[0.0091647995840171727,0.25218762567544,1,0.4144824997410867,0.36224629726423152,0.32568784022388853,0.057790890043389789,0.12276874354363791,0],[0.016392641167004989,0.76646943453263383,0.4144824997410867,1,0.49700969553598839,0.25218762567544,0.016392641167004989,0.016392641167004989,0],[0.0029768564767243791,0.26793175283660747,0.36224629726423152,0.49700969553598839,1,0.16529617667111993,0.11734011782473977,0.0072294319155411183,0],[0,0.068393360620739807,0.32568784022388853,0.25218762567544,0.16529617667111993,1,0.305986602951492,0.11033862621988332,0],[0,0.0091647995840171727,0.057790890043389789,0.016392641167004989,0.11734011782473977,0.305986602951492,1,0.031832942175295559,0],[0,0,0.12276874354363791,0.016392641167004989,0.0072294319155411183,0.11033862621988332,0.031832942175295559,1,0.12709828237865858],[0,0,0,0,0,0,0,0.12709828237865858,1]],"matrix_without_context":[[1,0.0091647995840171727,0.25218762567544,0.087874376711873176,0.03753427281233495,0.25218762567544,0,0.22473070243894697,0],[0.0091647995840171727,1,0.27812910984475858,0.700507010760774,0.011999098976908526,0.10097928530584227,0,0.03753427281233495,0],[0.25218762567544,0.27812910984475858,1,0.74794679924355634,0.32568784022388853,0.78967270465186667,0.03753427281233495,0.4837036383374641,0],[0.087874376711873176,0.700507010760774,0.74794679924355634,1,0.068393360620739807,0.58348764142472931,0.023750919969273782,0.66946987211284359,0],[0.03753427281233495,0.011999098976908526,0.32568784022388853,0.068393360620739807,1,0.29782427989471427,0.03753427281233495,0.016392641167004989,0],[0.25218762567544,0.10097928530584227,0.78967270465186667,0.58348764142472931,0.29782427989471427,1,0.019560431003895665,0.4837036383374641,0],[0,0,0.03753427281233495,0.023750919969273782,0.03753427281233495,0.019560431003895665,1,0.019560431003895665,0.0034538575892268568],[0.22473070243894697,0.03753427281233495,0.4837036383374641,0.66946987211284359,0.016392641167004989,0.4837036383374641,0.019560431003895665,1,0.016392641167004989],[0,0,0,0,0,0,0.0034538575892268568,0.016392641167004989,1]]}