{"matrix_with_context":[[1,0,0,0,0.0040555704522478525,0,0,0],[0,1,0.37920794444445788,0.29782427989471427,0.4837036383374641,0.16529617667111993,0.068393360620739807,0.029461036605717937],[0,0.37920794444445788,1,0.087874376711873176,0.13816512106135553,0.023750919969273782,0.0058489631431305625,0.0034538575892268568],[0,0.29782427989471427,0.087874376711873176,1,0.49176719594574542,0.52173098990921374,0.305986602951492,0.087874376711873176],[0.0040555704522478525,0.4837036383374641,0.13816512106135553,0.49176719594574542,1,0.66946987211284359,0.4144824997410867,0.13816512106135553],[0,0.16529617667111993,0.023750919969273782,0.52173098990921374,0.66946987211284359,1,0.43942422276410337,0.18826721087667056],[0,0.068393360620739807,0.0058489631431305625,0.305986602951492,0.4144824997410867,0.43942422276410337,1,0.22473070243894697],[0,0.029461036605717937,0.0034538575892268568,0.087874376711873176,0.13816512106135553,0.18826721087667056,0.22473070243894697,1]],"matrix_without_context":[[1,0.23589722086215964,0.22473070243894697,0.21042811478322881,0.43942422276410337,0.03753427281233495,0.023750919969273782,0],[0.23589722086215964,1,0.21042811478322881,0.16529617667111993,0.25218762567544,0.023750919969273782,0,0],[0.22473070243894697,0.21042811478322881,1,0.10097928530584227,0.38738178682260033,0.068393360620739807,0,0],[0.21042811478322881,0.16529617667111993,0.10097928530584227,1,0.56470905735878529,0.367993311389692,0.32568784022388853,0.25218762567544],[0.43942422276410337,0.25218762567544,0.38738178682260033,0.56470905735878529,1,0.32568784022388853,0.32568784022388853,0.32568784022388853],[0.03753427281233495,0.023750919969273782,0.068393360620739807,0.367993311389692,0.32568784022388853,1,0.52173098990921374,0.82929087416122771],[0.023750919969273782,0,0,0.32568784022388853,0.32568784022388853,0.52173098990921374,1,0.43942422276410337],[0,0,0,0.25218762567544,0.32568784022388853,0.82929087416122771,0.43942422276410337,1]]}