{"matrix_with_context":[[1,0.79641865773734644,0.69082370811937455,0.38738178682260033,0.66946987211284359,0.22473070243894697,0.082275448418156774,0.367993311389692,0.367993311389692],[0.79641865773734644,1,0.60885440507873478,0.66946987211284359,1,0.49176719594574542,0.302605583653328,0.60885440507873478,0.60885440507873478],[0.69082370811937455,0.60885440507873478,1,0.32568784022388853,0.43942422276410337,0.16529617667111993,0.068393360620739807,0.29054636929714839,0.25218762567544],[0.38738178682260033,0.66946987211284359,0.32568784022388853,1,0.73388534398155536,0.32568784022388853,0.22473070243894697,0.56075318675449481,0.54845356049393934],[0.66946987211284359,1,0.43942422276410337,0.73388534398155536,1,0.53546514194050066,0.38738178682260033,0.68574563429279045,0.71395404202537516],[0.22473070243894697,0.49176719594574542,0.16529617667111993,0.32568784022388853,0.53546514194050066,1,0.27352327522935388,0.32568784022388853,0.37920794444445788],[0.082275448418156774,0.302605583653328,0.068393360620739807,0.22473070243894697,0.38738178682260033,0.27352327522935388,1,0.27178351098514891,0.3578733656260219],[0.367993311389692,0.60885440507873478,0.29054636929714839,0.56075318675449481,0.68574563429279045,0.32568784022388853,0.27178351098514891,1,0.69330224607801139],[0.367993311389692,0.60885440507873478,0.25218762567544,0.54845356049393934,0.71395404202537516,0.37920794444445788,0.3578733656260219,0.69330224607801139,1]],"matrix_without_context":[[1,1,0.80869414296759312,0.74794679924355634,0.66946987211284359,1,0,0.22473070243894697,0],[1,1,0.74794679924355634,0.87604121144607516,0.87099219668878736,1,0.16529617667111993,0.43942422276410337,0.32568784022388853],[0.80869414296759312,0.74794679924355634,1,0.700507010760774,0.4837036383374641,0,0,0.25218762567544,0],[0.74794679924355634,0.87604121144607516,0.700507010760774,1,0.66946987211284359,0.43942422276410337,0,0.46243130793865689,0.25218762567544],[0.66946987211284359,0.87099219668878736,0.4837036383374641,0.66946987211284359,1,0.782466108322267,0.40570061213457737,0.32568784022388853,0.43942422276410337],[1,1,0,0.43942422276410337,0.782466108322267,1,0.71395404202537516,0.10097928530584227,0.782466108322267],[0,0.16529617667111993,0,0,0.40570061213457737,0.71395404202537516,1,0.16529617667111993,0.52173098990921374],[0.22473070243894697,0.43942422276410337,0.25218762567544,0.46243130793865689,0.32568784022388853,0.10097928530584227,0.16529617667111993,1,0.32568784022388853],[0,0.32568784022388853,0,0.25218762567544,0.43942422276410337,0.782466108322267,0.52173098990921374,0.32568784022388853,1]]}