{"matrix_with_context":[[1,0.43942422276410337,0.16529617667111993,0.023750919969273782,0.054807239502536013,0.0091647995840171727,0.0091647995840171727,0.082275448418156774,0.029461036605717937],[0.43942422276410337,1,0.29054636929714839,0.068393360620739807,0.16529617667111993,0.049501276671065977,0.049501276671065977,0.12709828237865858,0.049501276671065977],[0.16529617667111993,0.29054636929714839,1,0.22473070243894697,0.26793175283660747,0.29782427989471427,0.32568784022388853,0.54845356049393934,0.43942422276410337],[0.023750919969273782,0.068393360620739807,0.22473070243894697,1,0.39535921643086053,0.41074869606557912,0.47779211922748288,0.32568784022388853,0.305986602951492],[0.054807239502536013,0.16529617667111993,0.26793175283660747,0.39535921643086053,1,0.55468612964981845,0.4837036383374641,0.34745605695383575,0.302605583653328],[0.0091647995840171727,0.049501276671065977,0.29782427989471427,0.41074869606557912,0.55468612964981845,1,0.50967101368833356,0.38738178682260033,0.32568784022388853],[0.0091647995840171727,0.049501276671065977,0.32568784022388853,0.47779211922748288,0.4837036383374641,0.50967101368833356,1,0.49700969553598839,0.4837036383374641],[0.082275448418156774,0.12709828237865858,0.54845356049393934,0.32568784022388853,0.34745605695383575,0.38738178682260033,0.49700969553598839,1,0.56470905735878529],[0.029461036605717937,0.049501276671065977,0.43942422276410337,0.305986602951492,0.302605583653328,0.32568784022388853,0.4837036383374641,0.56470905735878529,1]],"matrix_without_context":[[1,0.60074275976456537,0.016392641167004989,0,0.011999098976908526,0,0,0,0],[0.60074275976456537,1,0.023750919969273782,0,0.016392641167004989,0,0,0.16529617667111993,0.03753427281233495],[0.016392641167004989,0.023750919969273782,1,0.019560431003895665,0.054807239502536013,0.068393360620739807,0.044938057663749864,0.5442033162640002,0.12709828237865858],[0,0,0.019560431003895665,1,0.16529617667111993,0.059701327867116627,0.042891985515912841,0.068393360620739807,0.068393360620739807],[0.011999098976908526,0.016392641167004989,0.054807239502536013,0.16529617667111993,1,0.18575377356354245,0.079173757109080284,0.16529617667111993,0.10097928530584227],[0,0,0.068393360620739807,0.059701327867116627,0.18575377356354245,1,0.10753287734811902,0.12709828237865858,0.16529617667111993],[0,0,0.044938057663749864,0.042891985515912841,0.079173757109080284,0.10753287734811902,1,0.26793175283660747,0.24060777066588548],[0,0.16529617667111993,0.5442033162640002,0.068393360620739807,0.16529617667111993,0.12709828237865858,0.26793175283660747,1,0.60885440507873478],[0,0.03753427281233495,0.12709828237865858,0.068393360620739807,0.10097928530584227,0.16529617667111993,0.24060777066588548,0.60885440507873478,1]]}