{"matrix_with_context":[[1,0,0,0,0,0,0,0,0,0,0,0,0],[0,1,0.344423617934296,0,0.0040555704522478525,0,0,0,0,0,0,0,0],[0,0.344423617934296,1,0,0.0048296546113252709,0,0,0,0,0,0,0,0],[0,0,0,1,0.0053027125173365558,0.011999098976908526,0.0081110432278934559,0.011999098976908526,0.0091647995840171727,0.011999098976908526,0.011999098976908526,0.011999098976908526,0],[0,0.0040555704522478525,0.0048296546113252709,0.0053027125173365558,1,0.21660451007200782,0.049501276671065977,0.082275448418156774,0.057790890043389789,0.082275448418156774,0.082275448418156774,0.082275448418156774,0],[0,0,0,0.011999098976908526,0.21660451007200782,1,0.81957697688458475,1,0.87842050966637164,1,1,1,0.0048296546113252709],[0,0,0,0.0081110432278934559,0.049501276671065977,0.81957697688458475,1,0.84834910096868776,0.76985344604085493,0.83520698322546949,0.84335161173498951,0.84589079041384407,0],[0,0,0,0.011999098976908526,0.082275448418156774,1,0.84834910096868776,1,0.90560488392429139,1,1,1,0],[0,0,0,0.0091647995840171727,0.057790890043389789,0.87842050966637164,0.76985344604085493,0.90560488392429139,1,0.89800189622854043,0.90417627895595931,0.90560488392429139,0],[0,0,0,0.011999098976908526,0.082275448418156774,1,0.83520698322546949,1,0.89800189622854043,1,1,1,0],[0,0,0,0.011999098976908526,0.082275448418156774,1,0.84335161173498951,1,0.90417627895595931,1,1,1,0],[0,0,0,0.011999098976908526,0.082275448418156774,1,0.84589079041384407,1,0.90560488392429139,1,1,1,0],[0,0,0,0,0,0.0048296546113252709,0,0,0,0,0,0,1]],"matrix_without_context":[[1,0.016392641167004989,0.042891985515912841,0.027346467968911305,0,0,0,0,0,0,0,0,0],[0.016392641167004989,1,0.079173757109080284,0.0058489631431305625,0,0,0,0,0,0,0,0,0],[0.042891985515912841,0.079173757109080284,1,0.049501276671065977,0,0,0,0.016392641167004989,0,0.0072294319155411183,0,0,0],[0.027346467968911305,0.0058489631431305625,0.049501276671065977,1,0,0.019560431003895665,0.0058489631431305625,0,0,0,0,0,0.0022777924281824243],[0,0,0,0,1,0.26100126021657916,0.019560431003895665,0.087874376711873176,0.087874376711873176,0.068393360620739807,0.087874376711873176,0.03753427281233495,0.016392641167004989],[0,0,0,0.019560431003895665,0.26100126021657916,1,0.11734011782473977,0.16529617667111993,0.21042811478322881,0.11033862621988332,0.16529617667111993,0.087874376711873176,0.029461036605717937],[0,0,0,0.0058489631431305625,0.019560431003895665,0.11734011782473977,1,0.21042811478322881,0.29054636929714839,0.082275448418156774,0.25218762567544,0.20166435442006905,0.0091647995840171727],[0,0,0.016392641167004989,0,0.087874376711873176,0.16529617667111993,0.21042811478322881,1,1,0.79641865773734644,1,0.91335582996733766,0.18373584572403368],[0,0,0,0,0.087874376711873176,0.21042811478322881,0.29054636929714839,1,1,0.77205572242034937,1,0.9109175168146969,0.18373584572403368],[0,0,0.0072294319155411183,0,0.068393360620739807,0.11033862621988332,0.082275448418156774,0.79641865773734644,0.77205572242034937,1,0.80476967288698187,0.68574563429279045,0.1507922311366354],[0,0,0,0,0.087874376711873176,0.16529617667111993,0.25218762567544,1,1,0.80476967288698187,1,0.91335582996733766,0.18373584572403368],[0,0,0,0,0.03753427281233495,0.087874376711873176,0.20166435442006905,0.91335582996733766,0.9109175168146969,0.68574563429279045,0.91335582996733766,1,0.16529617667111993],[0,0,0,0.0022777924281824243,0.016392641167004989,0.029461036605717937,0.0091647995840171727,0.18373584572403368,0.18373584572403368,0.1507922311366354,0.18373584572403368,0.16529617667111993,1]]}