{"matrix_with_context":[[1,0.011999098976908526,0.011999098976908526,0.010923124141278887,0,0,0,0,0,0,0],[0.011999098976908526,1,0.32568784022388853,0.0022777924281824243,0,0,0,0,0,0,0],[0.011999098976908526,0.32568784022388853,1,0.0022777924281824243,0,0,0,0,0,0,0],[0.010923124141278887,0.0022777924281824243,0.0022777924281824243,1,0.0040555704522478525,0.0029768564767243791,0.0040555704522478525,0.0040555704522478525,0.0040555704522478525,0.0034538575892268568,0.0034538575892268568],[0,0,0,0.0040555704522478525,1,0.90417627895595931,1,1,1,0.94938448091023209,0.94592477446664147],[0,0,0,0.0029768564767243791,0.90417627895595931,1,0.90270379534291678,0.90417627895595931,0.90270379534291678,0.8615979108606745,0.84589079041384407],[0,0,0,0.0040555704522478525,1,0.90270379534291678,1,1,1,0.94856172512354742,0.94592477446664147],[0,0,0,0.0040555704522478525,1,0.90417627895595931,1,1,1,0.94938448091023209,0.94300290984055279],[0,0,0,0.0040555704522478525,1,0.90270379534291678,1,1,1,0.94938448091023209,0.94683328843174164],[0,0,0,0.0034538575892268568,0.94938448091023209,0.8615979108606745,0.94856172512354742,0.94938448091023209,0.94938448091023209,1,0.89633202970679726],[0,0,0,0.0034538575892268568,0.94592477446664147,0.84589079041384407,0.94592477446664147,0.94300290984055279,0.94683328843174164,0.89633202970679726,1]],"matrix_without_context":[[1,0.057790890043389789,0.0048296546113252709,0,0,0,0,0,0,0,0],[0.057790890043389789,1,0.16529617667111993,0.0058489631431305625,0,0,0,0,0,0,0],[0.0048296546113252709,0.16529617667111993,1,0.016392641167004989,0,0,0,0,0,0,0],[0,0.0058489631431305625,0.016392641167004989,1,0.029461036605717937,0.0091647995840171727,0.03753427281233495,0.0072294319155411183,0.011999098976908526,0.011999098976908526,0.0072294319155411183],[0,0,0,0.029461036605717937,1,0.84205044201905843,0.9373622021676894,0.82929087416122771,0.90833807169528191,0.91566428005117884,0.76646943453263383],[0,0,0,0.0091647995840171727,0.84205044201905843,1,0.91335582996733766,0.78732395728382543,0.94683328843174164,0.94592477446664147,0.80869414296759312],[0,0,0,0.03753427281233495,0.9373622021676894,0.91335582996733766,1,0.87604121144607516,1,1,0.8337666549946805],[0,0,0,0.0072294319155411183,0.82929087416122771,0.78732395728382543,0.87604121144607516,1,0.8337666549946805,0.84954912628525936,0.70738370698597275],[0,0,0,0.011999098976908526,0.90833807169528191,0.94683328843174164,1,0.8337666549946805,1,1,0.86259838045151771],[0,0,0,0.011999098976908526,0.91566428005117884,0.94592477446664147,1,0.84954912628525936,1,1,0.86259838045151771],[0,0,0,0.0072294319155411183,0.76646943453263383,0.80869414296759312,0.8337666549946805,0.70738370698597275,0.86259838045151771,0.86259838045151771,1]]}