{"matrix_with_context":[[1,0.059701327867116627,0.090895308291641233,0.059701327867116627,0.026374132517769374,0.03753427281233495],[0.059701327867116627,1,0.367993311389692,0.66946987211284359,0.0927848763623698,0.21042811478322881],[0.090895308291641233,0.367993311389692,1,0.367993311389692,0.049501276671065977,0.068393360620739807],[0.059701327867116627,0.66946987211284359,0.367993311389692,1,0.11734011782473977,0.21042811478322881],[0.026374132517769374,0.0927848763623698,0.049501276671065977,0.11734011782473977,1,0.18069709880079288],[0.03753427281233495,0.21042811478322881,0.068393360620739807,0.21042811478322881,0.18069709880079288,1]],"matrix_without_context":[[1,0.087874376711873176,0.13356650750221294,0.10097928530584227,0,0.0058489631431305625],[0.087874376711873176,1,0.38738178682260033,0.38738178682260033,0.11033862621988332,0.10097928530584227],[0.13356650750221294,0.38738178682260033,1,0.78967270465186667,0.16529617667111993,0.049501276671065977],[0.10097928530584227,0.38738178682260033,0.78967270465186667,1,0.32568784022388853,0.087874376711873176],[0,0.11033862621988332,0.16529617667111993,0.32568784022388853,1,0.38738178682260033],[0.0058489631431305625,0.10097928530584227,0.049501276671065977,0.087874376711873176,0.38738178682260033,1]]}