{"matrix_with_context":[[1,0,0,0.03753427281233495,0.079173757109080284,0.079173757109080284],[0,1,0.1481278803062108,0,0.023750919969273782,0.023750919969273782],[0,0.1481278803062108,1,0.0020172482675724188,0.0091647995840171727,0.0091647995840171727],[0.03753427281233495,0,0.0020172482675724188,1,0.18575377356354245,0.20557609966576662],[0.079173757109080284,0.023750919969273782,0.0091647995840171727,0.18575377356354245,1,1],[0.079173757109080284,0.023750919969273782,0.0091647995840171727,0.20557609966576662,1,1]],"matrix_without_context":[[1,0.0091647995840171727,0,0.13816512106135553,0.49176719594574542,0.53877983779138638],[0.0091647995840171727,1,0.0040555704522478525,0.0072294319155411183,0.011999098976908526,0.016392641167004989],[0,0.0040555704522478525,1,0.0040555704522478525,0,0],[0.13816512106135553,0.0072294319155411183,0.0040555704522478525,1,0.1957469410690782,0.23589722086215964],[0.49176719594574542,0.011999098976908526,0,0.1957469410690782,1,0.69082370811937455],[0.53877983779138638,0.016392641167004989,0,0.23589722086215964,0.69082370811937455,1]]}