{"matrix_with_context":[[1,0.86551495514281218,0,0,0,0,0.0040555704522478525],[0.86551495514281218,1,0,0,0,0,0.0034538575892268568],[0,0,1,1,1,0.89282284594887551,0.027346467968911305],[0,0,1,1,1,0.89633202970679726,0.027346467968911305],[0,0,1,1,1,0.9109175168146969,0.027346467968911305],[0,0,0.89282284594887551,0.89633202970679726,0.9109175168146969,1,0.023750919969273782],[0.0040555704522478525,0.0034538575892268568,0.027346467968911305,0.027346467968911305,0.027346467968911305,0.023750919969273782,1]],"matrix_without_context":[[1,1,0,0,0,0,0],[1,1,0,0,0,0,0],[0,0,1,0.81957697688458475,1,0.782466108322267,0.16529617667111993],[0,0,0.81957697688458475,1,0.782466108322267,0.5442033162640002,0],[0,0,1,0.782466108322267,1,0.85955267948711633,0],[0,0,0.782466108322267,0.5442033162640002,0.85955267948711633,1,0],[0,0,0.16529617667111993,0,0,0,1]]}