{"matrix_with_context":[[1,0.016392641167004989],[0.016392641167004989,1]],"matrix_without_context":[[1,0.013938903334611591],[0.013938903334611591,1]]}