{"matrix_with_context":[[1,0.86551495514281218,0.16529617667111993,0,0,0,0,0,0,0,0,0],[0.86551495514281218,1,1,0,0,0,0,0,0,0,0,0],[0.16529617667111993,1,1,0.6576605631976371,0.43942422276410337,0.32568784022388853,0.16529617667111993,0.16529617667111993,0.16529617667111993,1,0,0],[0,0,0.6576605631976371,1,0.11734011782473977,0.16529617667111993,0.12709828237865858,0.023750919969273782,0.023750919969273782,0.03753427281233495,0,0],[0,0,0.43942422276410337,0.11734011782473977,1,0.16529617667111993,0.16529617667111993,0.782466108322267,0.700507010760774,0.82929087416122771,0.79641865773734644,0.21660451007200782],[0,0,0.32568784022388853,0.16529617667111993,0.16529617667111993,1,0.700507010760774,0.32568784022388853,0.25218762567544,0.43942422276410337,0.32568784022388853,0.054807239502536013],[0,0,0.16529617667111993,0.12709828237865858,0.16529617667111993,0.700507010760774,1,0.27812910984475858,0.22473070243894697,0.32568784022388853,0.25218762567544,0.044938057663749864],[0,0,0.16529617667111993,0.023750919969273782,0.782466108322267,0.32568784022388853,0.27812910984475858,1,0.86831043418409337,0.92892155650183061,0.9237868937967405,0.37920794444445788],[0,0,0.16529617667111993,0.023750919969273782,0.700507010760774,0.25218762567544,0.22473070243894697,0.86831043418409337,1,0.93974732960849294,0.93197692469577953,0.39535921643086053],[0,0,1,0.03753427281233495,0.82929087416122771,0.43942422276410337,0.32568784022388853,0.92892155650183061,0.93974732960849294,1,1,0.43942422276410337],[0,0,0,0,0.79641865773734644,0.32568784022388853,0.25218762567544,0.9237868937967405,0.93197692469577953,1,1,0.43942422276410337],[0,0,0,0,0.21660451007200782,0.054807239502536013,0.044938057663749864,0.37920794444445788,0.39535921643086053,0.43942422276410337,0.43942422276410337,1]],"matrix_without_context":[[1,0.87099219668878736,0.4837036383374641,0.46970564488467387,0.068393360620739807,0,0,0,0,0,0,0.023750919969273782],[0.87099219668878736,1,0.43942422276410337,0.43942422276410337,0.13816512106135553,0.068393360620739807,0,0.068393360620739807,0,0,0,0.029461036605717937],[0.4837036383374641,0.43942422276410337,1,0.41963602566300873,0.016392641167004989,0,0,0,0,0,0,0.0048296546113252709],[0.46970564488467387,0.43942422276410337,0.41963602566300873,1,0.0058489631431305625,0.11734011782473977,0.22473070243894697,0.068393360620739807,0.068393360620739807,0.068393360620739807,0.068393360620739807,0],[0.068393360620739807,0.13816512106135553,0.016392641167004989,0.0058489631431305625,1,0.0058489631431305625,0,0.20557609966576662,0.0091647995840171727,0.0091647995840171727,0.0091647995840171727,0.018408999651278343],[0,0.068393360620739807,0,0.11734011782473977,0.0058489631431305625,1,0.64498740176247749,0,0,0,0,0],[0,0,0,0.22473070243894697,0,0.64498740176247749,1,0.03753427281233495,0,0,0,0],[0,0.068393360620739807,0,0.068393360620739807,0.20557609966576662,0,0.03753427281233495,1,0.25218762567544,0.25218762567544,0.25218762567544,0.019560431003895665],[0,0,0,0.068393360620739807,0.0091647995840171727,0,0,0.25218762567544,1,1,1,0.19148399940098593],[0,0,0,0.068393360620739807,0.0091647995840171727,0,0,0.25218762567544,1,1,1,0.16529617667111993],[0,0,0,0.068393360620739807,0.0091647995840171727,0,0,0.25218762567544,1,1,1,0.16529617667111993],[0.023750919969273782,0.029461036605717937,0.0048296546113252709,0,0.018408999651278343,0,0,0.019560431003895665,0.19148399940098593,0.16529617667111993,0.16529617667111993,1]]}