{"matrix_with_context":[[1,0.92892155650183061,0.91785296792380566,0.76646943453263383,0.83801418019047558,0.75443744939597512,0.81957697688458475,0.81957697688458475,0,0.16529617667111993],[0.92892155650183061,1,1,0.83801418019047558,0.9109175168146969,0.81429444204748158,1,1,0,0],[0.91785296792380566,1,1,0.88291547371230727,0.93197692469577953,0.82456797807736715,1,1,0,1],[0.76646943453263383,0.83801418019047558,0.88291547371230727,1,0.80869414296759312,0.68574563429279045,0.700507010760774,0.700507010760774,0,0],[0.83801418019047558,0.9109175168146969,0.93197692469577953,0.80869414296759312,1,0.77205572242034937,0.80869414296759312,0.80869414296759312,0,0],[0.75443744939597512,0.81429444204748158,0.82456797807736715,0.68574563429279045,0.77205572242034937,1,0.700507010760774,0.700507010760774,0,0.068393360620739807],[0.81957697688458475,1,1,0.700507010760774,0.80869414296759312,0.700507010760774,1,1,0,0],[0.81957697688458475,1,1,0.700507010760774,0.80869414296759312,0.700507010760774,1,1,0,0],[0,0,0,0,0,0,0,0,1,0.85955267948711633],[0.16529617667111993,0,1,0,0,0.068393360620739807,0,0,0.85955267948711633,1]],"matrix_without_context":[[1,1,0.92190648315005508,0.91993097384579448,0.91566428005117884,0.89282284594887551,0.68049963816715942,1,0,0],[1,1,0.91335582996733766,0.9237868937967405,0.91335582996733766,0.87604121144607516,0.718173939325141,1,0,0],[0.92190648315005508,0.91335582996733766,1,0.86259838045151771,0.85955267948711633,0.72625338056190414,0.503418149216112,0.82929087416122771,0,0],[0.91993097384579448,0.9237868937967405,0.86259838045151771,1,0.86831043418409337,0.700507010760774,0.55468612964981845,0.84589079041384407,0,0],[0.91566428005117884,0.91335582996733766,0.85955267948711633,0.86831043418409337,1,0.700507010760774,0.503418149216112,0.81957697688458475,0,0],[0.89282284594887551,0.87604121144607516,0.72625338056190414,0.700507010760774,0.700507010760774,1,0.55468612964981845,0.84589079041384407,0,0],[0.68049963816715942,0.718173939325141,0.503418149216112,0.55468612964981845,0.503418149216112,0.55468612964981845,1,0.76646943453263383,0.03753427281233495,0.068393360620739807],[1,1,0.82929087416122771,0.84589079041384407,0.81957697688458475,0.84589079041384407,0.76646943453263383,1,0,0.16529617667111993],[0,0,0,0,0,0,0.03753427281233495,0,1,0.88071027878047436],[0,0,0,0,0,0,0.068393360620739807,0.16529617667111993,0.88071027878047436,1]]}