{"matrix_with_context":[[1,0.63965507486536766,0.64498740176247749,0.737544897130348,0.85303806821857564,0.782466108322267,0,0,0,0,0,0,0,0],[0.63965507486536766,1,0.45496440993935694,0.52173098990921374,0.64759558640193016,0.59229412682951177,0,0,0,0,0,0,0,0],[0.64498740176247749,0.45496440993935694,1,0.75443744939597512,0.6576605631976371,0.58348764142472931,0,0,0,0,0,0,0,0],[0.737544897130348,0.52173098990921374,0.75443744939597512,1,0.74794679924355634,0.6576605631976371,0,0,0,0,0,0,0,0],[0.85303806821857564,0.64759558640193016,0.6576605631976371,0.74794679924355634,1,0.80068132633020217,0,0,0,0,0,0,0,0],[0.782466108322267,0.59229412682951177,0.58348764142472931,0.6576605631976371,0.80068132633020217,1,0,0,0,0,0,0,0,0],[0,0,0,0,0,0,1,0.76060379900416775,0.8337666549946805,0.84954912628525936,0.76646943453263383,0.90833807169528191,0.9109175168146969,0.76646943453263383],[0,0,0,0,0,0,0.76060379900416775,1,0.78732395728382543,0.782466108322267,0.80869414296759312,0.88709019935752786,0.86551495514281218,0.80869414296759312],[0,0,0,0,0,0,0.8337666549946805,0.78732395728382543,1,0.84954912628525936,0.82929087416122771,0.92190648315005508,0.92557890878718818,0.82929087416122771],[0,0,0,0,0,0,0.84954912628525936,0.782466108322267,0.84954912628525936,1,0.782466108322267,0.91785296792380566,0.92728861586556688,0.782466108322267],[0,0,0,0,0,0,0.76646943453263383,0.80869414296759312,0.82929087416122771,0.782466108322267,1,1,1,1],[0,0,0,0,0,0,0.90833807169528191,0.88709019935752786,0.92190648315005508,0.91785296792380566,1,1,1,1],[0,0,0,0,0,0,0.9109175168146969,0.86551495514281218,0.92557890878718818,0.92728861586556688,1,1,1,1],[0,0,0,0,0,0,0.76646943453263383,0.80869414296759312,0.82929087416122771,0.782466108322267,1,1,1,1]],"matrix_without_context":[[1,0.68049963816715942,0.6576605631976371,0.68049963816715942,0.91993097384579448,0.6416731110615701,0.24060777066588548,0.016392641167004989,0.45797472464962458,0.5442033162640002,0,0,0.03753427281233495,0],[0.68049963816715942,1,0.60885440507873478,0.60885440507873478,0.76646943453263383,0.45797472464962458,0.23173853555738505,0.011999098976908526,0.27812910984475858,0.3578733656260219,0,0,0,0],[0.6576605631976371,0.60885440507873478,1,0.72023786948305613,0.737544897130348,0.43942422276410337,0.29054636929714839,0,0.38738178682260033,0.52173098990921374,0,0,0,0],[0.68049963816715942,0.60885440507873478,0.72023786948305613,1,0.77475024407828419,0.45797472464962458,0.25218762567544,0,0.40570061213457737,0.4837036383374641,0,0,0.023750919969273782,0],[0.91993097384579448,0.76646943453263383,0.737544897130348,0.77475024407828419,1,0.76646943453263383,0.25218762567544,0.068393360620739807,0.52173098990921374,0.58348764142472931,0,0,0.068393360620739807,0],[0.6416731110615701,0.45797472464962458,0.43942422276410337,0.45797472464962458,0.76646943453263383,1,0.14426559739093756,0.0091647995840171727,0.32568784022388853,0.29782427989471427,0,0,0,0],[0.24060777066588548,0.23173853555738505,0.29054636929714839,0.25218762567544,0.25218762567544,0.14426559739093756,1,0,0.28313954651435008,0.4144824997410867,0,0,0.23173853555738505,0],[0.016392641167004989,0.011999098976908526,0,0,0.068393360620739807,0.0091647995840171727,0,1,0.0072294319155411183,0.011999098976908526,0.21042811478322881,0.32568784022388853,0.10097928530584227,0.29054636929714839],[0.45797472464962458,0.27812910984475858,0.38738178682260033,0.40570061213457737,0.52173098990921374,0.32568784022388853,0.28313954651435008,0.0072294319155411183,1,0.38738178682260033,0.023750919969273782,0.068393360620739807,0.1957469410690782,0.068393360620739807],[0.5442033162640002,0.3578733656260219,0.52173098990921374,0.4837036383374641,0.58348764142472931,0.29782427989471427,0.4144824997410867,0.011999098976908526,0.38738178682260033,1,0.068393360620739807,0.068393360620739807,0.38738178682260033,0.068393360620739807],[0,0,0,0,0,0,0,0.21042811478322881,0.023750919969273782,0.068393360620739807,1,1,0.43942422276410337,1],[0,0,0,0,0,0,0,0.32568784022388853,0.068393360620739807,0.068393360620739807,1,1,0.4837036383374641,1],[0.03753427281233495,0,0,0.023750919969273782,0.068393360620739807,0,0.23173853555738505,0.10097928530584227,0.1957469410690782,0.38738178682260033,0.43942422276410337,0.4837036383374641,1,0.4837036383374641],[0,0,0,0,0,0,0,0.29054636929714839,0.068393360620739807,0.068393360620739807,1,1,0.4837036383374641,1]]}