{"matrix_with_context":[[1,0.030850684986610762,0.0016143587634129823,0,0.0017989992091617679,0.0072294319155411183],[0.030850684986610762,1,0.0012036742494833045,0,0.0013211724340855455,0.0014567619608943834],[0.0016143587634129823,0.0012036742494833045,1,0,0,0],[0,0,0,1,0.0012036742494833045,0.0013211724340855455],[0.0017989992091617679,0.0013211724340855455,0,0.0012036742494833045,1,0.0014567619608943834],[0.0072294319155411183,0.0014567619608943834,0,0.0013211724340855455,0.0014567619608943834,1]],"matrix_without_context":[[1,0.14160118649403922,0.0048296546113252709,0,0.0029768564767243791,0.0029768564767243791],[0.14160118649403922,1,0.0048296546113252709,0,0,0.020824021082567559],[0.0048296546113252709,0.0048296546113252709,1,0,0,0],[0,0,0,1,0.0064843534204155418,0],[0.0029768564767243791,0,0,0.0064843534204155418,1,0],[0.0029768564767243791,0.020824021082567559,0,0,0,1]]}