{"matrix_with_context":[[1,0.90560488392429139,0.90270379534291678,0.78967270465186667,0.16529617667111993,0.16529617667111993,0,0.16529617667111993,0,0],[0.90560488392429139,1,1,0.90833807169528191,1,1,0.16529617667111993,1,0,0],[0.90270379534291678,1,1,0.89961885562938126,1,1,0,1,0,0],[0.78967270465186667,0.90833807169528191,0.89961885562938126,1,0.16529617667111993,0.32568784022388853,0.068393360620739807,0.32568784022388853,0.068393360620739807,0],[0.16529617667111993,1,1,0.16529617667111993,1,1,0.92557890878718818,1,0.88071027878047436,0.70960684217289294],[0.16529617667111993,1,1,0.32568784022388853,1,1,0.9373622021676894,1,0.89633202970679726,0.718173939325141],[0,0.16529617667111993,0,0.068393360620739807,0.92557890878718818,0.9373622021676894,1,0.9373622021676894,0.81957697688458475,0.65143769059785506],[0.16529617667111993,1,1,0.32568784022388853,1,1,0.9373622021676894,1,0.89961885562938126,0.72625338056190414],[0,0,0,0.068393360620739807,0.88071027878047436,0.89633202970679726,0.81957697688458475,0.89961885562938126,1,0.69330224607801139],[0,0,0,0,0.70960684217289294,0.718173939325141,0.65143769059785506,0.72625338056190414,0.69330224607801139,1]],"matrix_without_context":[[1,0.91785296792380566,1,1,0.023750919969273782,1,0,0,0,0],[0.91785296792380566,1,0.92728861586556688,0.84589079041384407,0.087874376711873176,0.32568784022388853,0,0,0,0],[1,0.92728861586556688,1,1,0.16529617667111993,1,0.16529617667111993,0.16529617667111993,0,0],[1,0.84589079041384407,1,1,0.068393360620739807,1,0.43942422276410337,0.43942422276410337,1,0.16529617667111993],[0.023750919969273782,0.087874376711873176,0.16529617667111993,0.068393360620739807,1,0.32568784022388853,0.26793175283660747,0.26793175283660747,0.29054636929714839,0.16529617667111993],[1,0.32568784022388853,1,1,0.32568784022388853,1,0.92892155650183061,0.91785296792380566,1,0.88071027878047436],[0,0,0.16529617667111993,0.43942422276410337,0.26793175283660747,0.92892155650183061,1,0.84954912628525936,0.89282284594887551,0.802746616928881],[0,0,0.16529617667111993,0.43942422276410337,0.26793175283660747,0.91785296792380566,0.84954912628525936,1,0.85955267948711633,0.74794679924355634],[0,0,0,1,0.29054636929714839,1,0.89282284594887551,0.85955267948711633,1,0.90270379534291678],[0,0,0,0.16529617667111993,0.16529617667111993,0.88071027878047436,0.802746616928881,0.74794679924355634,0.90270379534291678,1]]}