{"matrix_with_context":[[1,0.63135375081592382,1,0.32568784022388853,0,0],[0.63135375081592382,1,0.10097928530584227,0.068393360620739807,0,0],[1,0.10097928530584227,1,0.89633202970679726,1,0.60885440507873478],[0.32568784022388853,0.068393360620739807,0.89633202970679726,1,0.81957697688458475,0.60074275976456537],[0,0,1,0.81957697688458475,1,0.79641865773734644],[0,0,0.60885440507873478,0.60074275976456537,0.79641865773734644,1]],"matrix_without_context":[[1,0.85955267948711633,0.43942422276410337,0.49700969553598839,0.25218762567544,0.4837036383374641],[0.85955267948711633,1,0.58348764142472931,0.65143769059785506,0.367993311389692,0.72625338056190414],[0.43942422276410337,0.58348764142472931,1,0.60885440507873478,0.23589722086215964,0.46970564488467387],[0.49700969553598839,0.65143769059785506,0.60885440507873478,1,0.37588203934864839,0.66946987211284359],[0.25218762567544,0.367993311389692,0.23589722086215964,0.37588203934864839,1,0.52173098990921374],[0.4837036383374641,0.72625338056190414,0.46970564488467387,0.66946987211284359,0.52173098990921374,1]]}