{"matrix_with_context":[[1,1,0.0058489631431305625,0.367993311389692,0.76646943453263383,1,1,1,0,0,1,1],[1,1,0.0058489631431305625,0.367993311389692,0.76646943453263383,1,1,1,0,0,1,1],[0.0058489631431305625,0.0058489631431305625,1,0.052585685013413992,0.0048296546113252709,0.0058489631431305625,0,0,0,0,0.0058489631431305625,0],[0.367993311389692,0.367993311389692,0.052585685013413992,1,0.62043190647442548,0.69082370811937455,0.52173098990921374,0.52173098990921374,0,0,0.43942422276410337,0.52173098990921374],[0.76646943453263383,0.76646943453263383,0.0048296546113252709,0.62043190647442548,1,0.93478051224678316,0.90270379534291678,0.89961885562938126,0,0,0.85955267948711633,0.90270379534291678],[1,1,0.0058489631431305625,0.69082370811937455,0.93478051224678316,1,1,1,0,0,1,1],[1,1,0,0.52173098990921374,0.90270379534291678,1,1,1,0,0,1,1],[1,1,0,0.52173098990921374,0.89961885562938126,1,1,1,0,0,1,1],[0,0,0,0,0,0,0,0,1,0.74794679924355634,0,0],[0,0,0,0,0,0,0,0,0.74794679924355634,1,0,0],[1,1,0.0058489631431305625,0.43942422276410337,0.85955267948711633,1,1,1,0,0,1,1],[1,1,0,0.52173098990921374,0.90270379534291678,1,1,1,0,0,1,1]],"matrix_without_context":[[1,0.82929087416122771,0,0.63135375081592382,0.32568784022388853,0.66946987211284359,0.43942422276410337,0.068393360620739807,0.03753427281233495,0.16529617667111993,0.6576605631976371,0.43942422276410337],[0.82929087416122771,1,0,0.58348764142472931,0.32568784022388853,0.66946987211284359,0.52173098990921374,0.068393360620739807,0,0,0.6576605631976371,0.43942422276410337],[0,0,1,0.016392641167004989,0,0,0,0,0,0,0,0],[0.63135375081592382,0.58348764142472931,0.016392641167004989,1,0.782466108322267,1,1,0.03753427281233495,0,0,0.52173098990921374,1],[0.32568784022388853,0.32568784022388853,0,0.782466108322267,1,0.81429444204748158,0.58348764142472931,0.23589722086215964,0,0,0.38738178682260033,0.60885440507873478],[0.66946987211284359,0.66946987211284359,0,1,0.81429444204748158,1,1,0.10097928530584227,0,0,0.58348764142472931,1],[0.43942422276410337,0.52173098990921374,0,1,0.58348764142472931,1,1,0.74794679924355634,0,0,0.58348764142472931,1],[0.068393360620739807,0.068393360620739807,0,0.03753427281233495,0.23589722086215964,0.10097928530584227,0.74794679924355634,1,0,0,0.23589722086215964,0.77205572242034937],[0.03753427281233495,0,0,0,0,0,0,0,1,0.77475024407828419,0.023750919969273782,0],[0.16529617667111993,0,0,0,0,0,0,0,0.77475024407828419,1,0,0],[0.6576605631976371,0.6576605631976371,0,0.52173098990921374,0.38738178682260033,0.58348764142472931,0.58348764142472931,0.23589722086215964,0.023750919969273782,0,1,0.60885440507873478],[0.43942422276410337,0.43942422276410337,0,1,0.60885440507873478,1,1,0.77205572242034937,0,0,0.60885440507873478,1]]}