{"matrix_with_context":[[1,0.36224629726423152,0,0],[0.36224629726423152,1,0,0],[0,0,1,0.55468612964981845],[0,0,0.55468612964981845,1]],"matrix_without_context":[[1,0.367993311389692,0,0.023750919969273782],[0.367993311389692,1,0,0.023750919969273782],[0,0,1,0.82929087416122771],[0.023750919969273782,0.023750919969273782,0.82929087416122771,1]]}