{"matrix_with_context":[[1,0,1,1,0,0,0,0,0,0,0],[0,1,0,0,0.13063054116286074,0.1481278803062108,0,0,0,0,0],[1,0,1,1,0,0,0,0.03753427281233495,0,0.16529617667111993,0],[1,0,1,1,0,0,0,0,0,0,0],[0,0.13063054116286074,0,0,1,0.5695571072448129,0,0,0,0,0],[0,0.1481278803062108,0,0,0.5695571072448129,1,0,0,0,0,0],[0,0,0,0,0,0,1,0.37920794444445788,0.45496440993935694,0.57241561265017238,0.018408999651278343],[0,0,0.03753427281233495,0,0,0,0.37920794444445788,1,0.56075318675449481,0.65143769059785506,0.020824021082567559],[0,0,0,0,0,0,0.45496440993935694,0.56075318675449481,1,0.718173939325141,0.011999098976908526],[0,0,0.16529617667111993,0,0,0,0.57241561265017238,0.65143769059785506,0.718173939325141,1,0.027346467968911305],[0,0,0,0,0,0,0.018408999651278343,0.020824021082567559,0.011999098976908526,0.027346467968911305,1]],"matrix_without_context":[[1,0,0.77205572242034937,0.91993097384579448,0.011999098976908526,0.049501276671065977,0.37588203934864839,0.80869414296759312,0.43942422276410337,0.55468612964981845,0.0091647995840171727],[0,1,0,0.0040555704522478525,0.023750919969273782,0.026374132517769374,0,0,0,0.011999098976908526,0],[0.77205572242034937,0,1,0.71395404202537516,0.0058489631431305625,0.0072294319155411183,0.21042811478322881,0.4837036383374641,0.29782427989471427,0.35165932462127825,0.0048296546113252709],[0.91993097384579448,0.0040555704522478525,0.71395404202537516,1,0.029461036605717937,0.03753427281233495,0.302605583653328,0.65143769059785506,0.367993311389692,0.49700969553598839,0.0072294319155411183],[0.011999098976908526,0.023750919969273782,0.0058489631431305625,0.029461036605717937,1,0.16529617667111993,0.013938903334611591,0.0091647995840171727,0,0.023750919969273782,0.0029768564767243791],[0.049501276671065977,0.026374132517769374,0.0072294319155411183,0.03753427281233495,0.16529617667111993,1,0.031832942175295559,0,0,0.029461036605717937,0],[0.37588203934864839,0,0.21042811478322881,0.302605583653328,0.013938903334611591,0.031832942175295559,1,0.42302470364712408,0.24060777066588548,0.305986602951492,0.0034538575892268568],[0.80869414296759312,0,0.4837036383374641,0.65143769059785506,0.0091647995840171727,0,0.42302470364712408,1,0.6576605631976371,0.69082370811937455,0.0072294319155411183],[0.43942422276410337,0,0.29782427989471427,0.367993311389692,0,0,0.24060777066588548,0.6576605631976371,1,0.503418149216112,0],[0.55468612964981845,0.011999098976908526,0.35165932462127825,0.49700969553598839,0.023750919969273782,0.029461036605717937,0.305986602951492,0.69082370811937455,0.503418149216112,1,0.0058489631431305625],[0.0091647995840171727,0,0.0048296546113252709,0.0072294319155411183,0.0029768564767243791,0,0.0034538575892268568,0.0072294319155411183,0,0.0058489631431305625,1]]}