{"matrix_with_context":[[1,0.10097928530584227,0.068393360620739807,0.12709828237865858,0.367993311389692,0.16529617667111993,0.25218762567544,0,0,0,0,0],[0.10097928530584227,1,0.75755963235550883,0.023750919969273782,1,0.16529617667111993,1,0.0058489631431305625,1,0.16529617667111993,0.016392641167004989,1],[0.068393360620739807,0.75755963235550883,1,0.011999098976908526,0.068393360620739807,0.03753427281233495,0.068393360620739807,0.0040555704522478525,0.068393360620739807,0.03753427281233495,0.0091647995840171727,0.068393360620739807],[0.12709828237865858,0.023750919969273782,0.011999098976908526,1,0.65143769059785506,0.613567737361717,0.66946987211284359,0.0029768564767243791,0.023750919969273782,0.016392641167004989,0.0058489631431305625,0.023750919969273782],[0.367993311389692,1,0.068393360620739807,0.65143769059785506,1,0.88071027878047436,1,0,0,0,0,0],[0.16529617667111993,0.16529617667111993,0.03753427281233495,0.613567737361717,0.88071027878047436,1,0.91993097384579448,0.0048296546113252709,0.16529617667111993,0.068393360620739807,0.011999098976908526,0.16529617667111993],[0.25218762567544,1,0.068393360620739807,0.66946987211284359,1,0.91993097384579448,1,0.0058489631431305625,1,0.16529617667111993,0.016392641167004989,1],[0,0.0058489631431305625,0.0040555704522478525,0.0029768564767243791,0,0.0048296546113252709,0.0058489631431305625,1,0.057790890043389789,0.031832942175295559,0.018408999651278343,0.03753427281233495],[0,1,0.068393360620739807,0.023750919969273782,0,0.16529617667111993,1,0.057790890043389789,1,0.88906797073604538,0.613567737361717,1],[0,0.16529617667111993,0.03753427281233495,0.016392641167004989,0,0.068393360620739807,0.16529617667111993,0.031832942175295559,0.88906797073604538,1,0.50967101368833356,0.90270379534291678],[0,0.016392641167004989,0.0091647995840171727,0.0058489631431305625,0,0.011999098976908526,0.016392641167004989,0.018408999651278343,0.613567737361717,0.50967101368833356,1,0.57241561265017238],[0,1,0.068393360620739807,0.023750919969273782,0,0.16529617667111993,1,0.03753427281233495,1,0.90270379534291678,0.57241561265017238,1]],"matrix_without_context":[[1,0,0.016392641167004989,0.36224629726423152,0.58348764142472931,0.58348764142472931,0.60074275976456537,0,0,0.016392641167004989,0,0.023750919969273782],[0,1,0.737544897130348,0,0.068393360620739807,0,0,0,0,0,0,0],[0.016392641167004989,0.737544897130348,1,0.011999098976908526,0.068393360620739807,0,0,0,0,0,0,0],[0.36224629726423152,0,0.011999098976908526,1,0.42302470364712408,0.55468612964981845,0.55468612964981845,0,0,0.011999098976908526,0,0.016392641167004989],[0.58348764142472931,0.068393360620739807,0.068393360620739807,0.42302470364712408,1,0.737544897130348,0.75755963235550883,0,0,0,0,0],[0.58348764142472931,0,0,0.55468612964981845,0.737544897130348,1,1,0.016392641167004989,0.16529617667111993,0.068393360620739807,0.03753427281233495,0.16529617667111993],[0.60074275976456537,0,0,0.55468612964981845,0.75755963235550883,1,1,0.0048296546113252709,0,0,0,0],[0,0,0,0,0,0.016392641167004989,0.0048296546113252709,1,0.027346467968911305,0.011999098976908526,0.010438766674641539,0.027346467968911305],[0,0,0,0,0,0.16529617667111993,0,0.027346467968911305,1,0.73388534398155536,0.62043190647442548,0.79641865773734644],[0.016392641167004989,0,0,0.011999098976908526,0,0.068393360620739807,0,0.011999098976908526,0.73388534398155536,1,0.58348764142472931,0.76646943453263383],[0,0,0,0,0,0.03753427281233495,0,0.010438766674641539,0.62043190647442548,0.58348764142472931,1,0.58348764142472931],[0.023750919969273782,0,0,0.016392641167004989,0,0.16529617667111993,0,0.027346467968911305,0.79641865773734644,0.76646943453263383,0.58348764142472931,1]]}