{"matrix_with_context":[[1,0.068393360620739807,0.079173757109080284,0.16529617667111993,0.077204123756325377,0.013938903334611591,0.023750919969273782,0.0058489631431305625],[0.068393360620739807,1,0.6576605631976371,0.03753427281233495,0.016392641167004989,0,0,0],[0.079173757109080284,0.6576605631976371,1,0.054807239502536013,0.011999098976908526,0,0,0],[0.16529617667111993,0.03753427281233495,0.054807239502536013,1,0.14426559739093756,0.079173757109080284,0.068393360620739807,0.029461036605717937],[0.077204123756325377,0.016392641167004989,0.011999098976908526,0.14426559739093756,1,0.29054636929714839,0.16529617667111993,0.068393360620739807],[0.013938903334611591,0,0,0.079173757109080284,0.29054636929714839,1,0.3984965425184302,0.302605583653328],[0.023750919969273782,0,0,0.068393360620739807,0.16529617667111993,0.3984965425184302,1,0.69082370811937455],[0.0058489631431305625,0,0,0.029461036605717937,0.068393360620739807,0.302605583653328,0.69082370811937455,1]],"matrix_without_context":[[1,0.0040555704522478525,0.12709828237865858,0.10097928530584227,0.0927848763623698,0.0072294319155411183,0.0091647995840171727,0.0058489631431305625],[0.0040555704522478525,1,0.1481278803062108,0,0,0,0,0],[0.12709828237865858,0.1481278803062108,1,0.03753427281233495,0.023750919969273782,0.0072294319155411183,0.0091647995840171727,0.0058489631431305625],[0.10097928530584227,0,0.03753427281233495,1,0.19148399940098593,0.11033862621988332,0.011999098976908526,0.0072294319155411183],[0.0927848763623698,0,0.023750919969273782,0.19148399940098593,1,0.22473070243894697,0.016392641167004989,0.029461036605717937],[0.0072294319155411183,0,0.0072294319155411183,0.11033862621988332,0.22473070243894697,1,0.45797472464962458,0.11033862621988332],[0.0091647995840171727,0,0.0091647995840171727,0.011999098976908526,0.016392641167004989,0.45797472464962458,1,0.10097928530584227],[0.0058489631431305625,0,0.0058489631431305625,0.0072294319155411183,0.029461036605717937,0.11033862621988332,0.10097928530584227,1]]}