{"matrix_with_context":[[1,0.013938903334611591,0.35165932462127825,0.4144824997410867,0.64498740176247749,0.5442033162640002,0.49700969553598839,0.25218762567544,0.013938903334611591],[0.013938903334611591,1,0,0,0.016392641167004989,0,0,0.0029768564767243791,0],[0.35165932462127825,0,1,0.613567737361717,0.59656183305962562,0.67781107701750676,0.66069038817449055,0.36224629726423152,0.011999098976908526],[0.4144824997410867,0,0.613567737361717,1,0.700507010760774,0.76060379900416775,0.72625338056190414,0.4837036383374641,0.013938903334611591],[0.64498740176247749,0.016392641167004989,0.59656183305962562,0.700507010760774,1,0.8337666549946805,0.802746616928881,0.53546514194050066,0.016392641167004989],[0.5442033162640002,0,0.67781107701750676,0.76060379900416775,0.8337666549946805,1,0.81957697688458475,0.56075318675449481,0.016392641167004989],[0.49700969553598839,0,0.66069038817449055,0.72625338056190414,0.802746616928881,0.81957697688458475,1,0.49176719594574542,0.016392641167004989],[0.25218762567544,0.0029768564767243791,0.36224629726423152,0.4837036383374641,0.53546514194050066,0.56075318675449481,0.49176719594574542,1,0.090895308291641233],[0.013938903334611591,0,0.011999098976908526,0.013938903334611591,0.016392641167004989,0.016392641167004989,0.016392641167004989,0.090895308291641233,1]],"matrix_without_context":[[1,0.049501276671065977,0.43942422276410337,0.32568784022388853,0.68049963816715942,0.737544897130348,0.79641865773734644,0.16529617667111993,0.010438766674641539],[0.049501276671065977,1,0.4144824997410867,0.16529617667111993,0.068393360620739807,0.087874376711873176,0.25218762567544,0,0],[0.43942422276410337,0.4144824997410867,1,0.68574563429279045,0.25218762567544,0.58348764142472931,1,0,0.0034538575892268568],[0.32568784022388853,0.16529617667111993,0.68574563429279045,1,0.4144824997410867,0.64498740176247749,0.80869414296759312,0.049501276671065977,0.0025923195846382528],[0.68049963816715942,0.068393360620739807,0.25218762567544,0.4144824997410867,1,0.70960684217289294,0.737544897130348,0.37588203934864839,0.0091647995840171727],[0.737544897130348,0.087874376711873176,0.58348764142472931,0.64498740176247749,0.70960684217289294,1,0.89282284594887551,0.25218762567544,0.0029768564767243791],[0.79641865773734644,0.25218762567544,1,0.80869414296759312,0.737544897130348,0.89282284594887551,1,0.22473070243894697,0.011999098976908526],[0.16529617667111993,0,0,0.049501276671065977,0.37588203934864839,0.25218762567544,0.22473070243894697,1,0.0081110432278934559],[0.010438766674641539,0,0.0034538575892268568,0.0025923195846382528,0.0091647995840171727,0.0029768564767243791,0.011999098976908526,0.0081110432278934559,1]]}