{"matrix_with_context":[[1,0.26793175283660747,0.68049963816715942,0.23589722086215964,0.029461036605717937,0.16529617667111993,0.32568784022388853,0],[0.26793175283660747,1,0.25218762567544,0.32568784022388853,0.068393360620739807,0.31200142704420658,0.1481278803062108,0],[0.68049963816715942,0.25218762567544,1,0.22473070243894697,0,0.16529617667111993,0.27812910984475858,0],[0.23589722086215964,0.32568784022388853,0.22473070243894697,1,0.16529617667111993,0.32568784022388853,0.11288701516131332,0],[0.029461036605717937,0.068393360620739807,0,0.16529617667111993,1,0.052585685013413992,0.0029768564767243791,0],[0.16529617667111993,0.31200142704420658,0.16529617667111993,0.32568784022388853,0.052585685013413992,1,0.090895308291641233,0],[0.32568784022388853,0.1481278803062108,0.27812910984475858,0.11288701516131332,0.0029768564767243791,0.090895308291641233,1,0.0017989992091617679],[0,0,0,0,0,0,0.0017989992091617679,1]],"matrix_without_context":[[1,0.26793175283660747,0.52173098990921374,0.38738178682260033,0.63135375081592382,0.26793175283660747,0.27812910984475858,0.10097928530584227],[0.26793175283660747,1,0.016392641167004989,0.50718819387846492,0.70960684217289294,0.4837036383374641,0.11033862621988332,0.023750919969273782],[0.52173098990921374,0.016392641167004989,1,0.068393360620739807,0.25218762567544,0.087874376711873176,0.10097928530584227,0],[0.38738178682260033,0.50718819387846492,0.068393360620739807,1,0.82456797807736715,0.50718819387846492,0.10097928530584227,0.10097928530584227],[0.63135375081592382,0.70960684217289294,0.25218762567544,0.82456797807736715,1,0.700507010760774,0.21042811478322881,0.32568784022388853],[0.26793175283660747,0.4837036383374641,0.087874376711873176,0.50718819387846492,0.700507010760774,1,0.029461036605717937,0],[0.27812910984475858,0.11033862621988332,0.10097928530584227,0.10097928530584227,0.21042811478322881,0.029461036605717937,1,0.16529617667111993],[0.10097928530584227,0.023750919969273782,0,0.10097928530584227,0.32568784022388853,0,0.16529617667111993,1]]}