{"matrix_with_context":[[1,0.014691488533861437,0.0025923195846382528,0.031832942175295559,0.019560431003895665,0,0,0.0029768564767243791,0,0],[0.014691488533861437,1,0,0,0,0,0,0,0,0],[0.0025923195846382528,0,1,0.11734011782473977,0.13063054116286074,0,0.0025923195846382528,0.03753427281233495,0,0],[0.031832942175295559,0,0.11734011782473977,1,0.46557205575798577,0.019560431003895665,0,0.077204123756325377,0,0],[0.019560431003895665,0,0.13063054116286074,0.46557205575798577,1,0.068393360620739807,0.0058489631431305625,0.087874376711873176,0,0],[0,0,0,0.019560431003895665,0.068393360620739807,1,0.11288701516131332,0.0034538575892268568,0,0],[0,0,0.0025923195846382528,0,0.0058489631431305625,0.11288701516131332,1,0,0,0],[0.0029768564767243791,0,0.03753427281233495,0.077204123756325377,0.087874376711873176,0.0034538575892268568,0,1,0.044938057663749864,0.0064843534204155418],[0,0,0,0,0,0,0,0.044938057663749864,1,0.0014567619608943834],[0,0,0,0,0,0,0,0.0064843534204155418,0.0014567619608943834,1]],"matrix_without_context":[[1,0.0014567619608943834,0.0017989992091617679,0.023750919969273782,0.075842692342781251,0.019560431003895665,0.082275448418156774,0,0,0],[0.0014567619608943834,1,0,0,0,0.0064843534204155418,0.020824021082567559,0.0053027125173365558,0,0],[0.0017989992091617679,0,1,0,0,0,0.0040555704522478525,0,0,0],[0.023750919969273782,0,0,1,0.18575377356354245,0.0091647995840171727,0.031832942175295559,0,0,0],[0.075842692342781251,0,0,0.18575377356354245,1,0.077204123756325377,0.16529617667111993,0,0.03753427281233495,0],[0.019560431003895665,0.0064843534204155418,0,0.0091647995840171727,0.077204123756325377,1,0.16529617667111993,0.0058489631431305625,0.0072294319155411183,0],[0.082275448418156774,0.020824021082567559,0.0040555704522478525,0.031832942175295559,0.16529617667111993,0.16529617667111993,1,0.018408999651278343,0.023750919969273782,0],[0,0.0053027125173365558,0,0,0,0.0058489631431305625,0.018408999651278343,1,0,0],[0,0,0,0,0.03753427281233495,0.0072294319155411183,0.023750919969273782,0,1,0.10097928530584227],[0,0,0,0,0,0,0,0,0.10097928530584227,1]]}