{"matrix_with_context":[[1,0.12110024025757821,0,0,0,0,0,0,0,0,0.013938903334611591],[0.12110024025757821,1,0.0017989992091617679,0,0,0,0,0,0.0034538575892268568,0,0.0025923195846382528],[0,0.0017989992091617679,1,0.0034538575892268568,0,0,0,0,0,0,0],[0,0,0.0034538575892268568,1,0,0.54845356049393934,0.10097928530584227,0.13356650750221294,0.029461036605717937,0.13356650750221294,0.0058489631431305625],[0,0,0,0,1,0,0.27178351098514891,0.044938057663749864,0.019560431003895665,0.044938057663749864,0],[0,0,0,0.54845356049393934,0,1,0.16529617667111993,0.20166435442006905,0.03753427281233495,0.20166435442006905,0.0072294319155411183],[0,0,0,0.10097928530584227,0.27178351098514891,0.16529617667111993,1,0.367993311389692,0.13816512106135553,0.367993311389692,0],[0,0,0,0.13356650750221294,0.044938057663749864,0.20166435442006905,0.367993311389692,1,0.26348866736294896,0.45496440993935694,0.0058489631431305625],[0,0.0034538575892268568,0,0.029461036605717937,0.019560431003895665,0.03753427281233495,0.13816512106135553,0.26348866736294896,1,0.39535921643086053,0.016392641167004989],[0,0,0,0.13356650750221294,0.044938057663749864,0.20166435442006905,0.367993311389692,0.45496440993935694,0.39535921643086053,1,0.0058489631431305625],[0.013938903334611591,0.0025923195846382528,0,0.0058489631431305625,0,0.0072294319155411183,0,0.0058489631431305625,0.016392641167004989,0.0058489631431305625,1]],"matrix_without_context":[[1,0.302605583653328,0,0.0040555704522478525,0,0,0,0,0,0,0],[0.302605583653328,1,0,0.0058489631431305625,0,0,0,0,0,0,0],[0,0,1,0.0029768564767243791,0.019560431003895665,0.03753427281233495,0.010438766674641539,0.033128761365810756,0,0.0072294319155411183,0.0029768564767243791],[0.0040555704522478525,0.0058489631431305625,0.0029768564767243791,1,0,0.20166435442006905,0,0,0.0048296546113252709,0,0.0091647995840171727],[0,0,0.019560431003895665,0,1,0.03753427281233495,0.20166435442006905,0,0,0.016392641167004989,0],[0,0,0.03753427281233495,0.20166435442006905,0.03753427281233495,1,0.016392641167004989,0,0.03753427281233495,0,0.0048296546113252709],[0,0,0.010438766674641539,0,0.20166435442006905,0.016392641167004989,1,0.0025923195846382528,0,0.0058489631431305625,0],[0,0,0.033128761365810756,0,0,0,0.0025923195846382528,1,0.0048296546113252709,0.019560431003895665,0],[0,0,0,0.0048296546113252709,0,0.03753427281233495,0,0.0048296546113252709,1,0.12709828237865858,0.049501276671065977],[0,0,0.0072294319155411183,0,0.016392641167004989,0,0.0058489631431305625,0.019560431003895665,0.12709828237865858,1,0.0058489631431305625],[0,0,0.0029768564767243791,0.0091647995840171727,0,0.0048296546113252709,0,0,0.049501276671065977,0.0058489631431305625,1]]}