{"matrix_with_context":[[1,0.054807239502536013,0.0048296546113252709,0,0],[0.054807239502536013,1,0.0034538575892268568,0,0.0058489631431305625],[0.0048296546113252709,0.0034538575892268568,1,0.27812910984475858,0.45797472464962458],[0,0,0.27812910984475858,1,0.4837036383374641],[0,0.0058489631431305625,0.45797472464962458,0.4837036383374641,1]],"matrix_without_context":[[1,0.10097928530584227,0.033944944909024853,0,0],[0.10097928530584227,1,0.062004854184660993,0,0],[0.033944944909024853,0.062004854184660993,1,0,0],[0,0,0,1,0.60885440507873478],[0,0,0,0.60885440507873478,1]]}