{"matrix_with_context":[[1,0.0034538575892268568,0,0.0020172482675724188,0.0048296546113252709,0.0016143587634129823,0,0],[0.0034538575892268568,1,0.0040555704522478525,0.011999098976908526,0.0048296546113252709,0.34213265752257516,0,0],[0,0.0040555704522478525,1,0,0,0.0064843534204155418,0,0],[0.0020172482675724188,0.011999098976908526,0,1,0.082275448418156774,0.0034538575892268568,0,0],[0.0048296546113252709,0.0048296546113252709,0,0.082275448418156774,1,0.0020172482675724188,0,0],[0.0016143587634129823,0.34213265752257516,0.0064843534204155418,0.0034538575892268568,0.0020172482675724188,1,0,0],[0,0,0,0,0,0,1,0.0048296546113252709],[0,0,0,0,0,0,0.0048296546113252709,1]],"matrix_without_context":[[1,0.011999098976908526,0.0072294319155411183,0,0,0.029461036605717937,0,0],[0.011999098976908526,1,0.0025923195846382528,0.021502510740885192,0,0.061028881996090446,0,0],[0.0072294319155411183,0.0025923195846382528,1,0,0,0.03753427281233495,0.0048296546113252709,0.0040555704522478525],[0,0.021502510740885192,0,1,0,0.0016143587634129823,0,0],[0,0,0,0,1,0,0,0],[0.029461036605717937,0.061028881996090446,0.03753427281233495,0.0016143587634129823,0,1,0,0],[0,0,0.0048296546113252709,0,0,0,1,0.50718819387846492],[0,0,0.0040555704522478525,0,0,0,0.50718819387846492,1]]}