{"matrix_with_context":[[1,1,1,1,0.16529617667111993,0,0,1,0],[1,1,1,1,0,0,0,0,0],[1,1,1,1,0,0,0,0,0],[1,1,1,1,0,0,0,0,0],[0.16529617667111993,0,0,0,1,0.37588203934864839,0.74794679924355634,0.89282284594887551,0.22473070243894697],[0,0,0,0,0.37588203934864839,1,0.43942422276410337,0.46243130793865689,0.23865051282333249],[0,0,0,0,0.74794679924355634,0.43942422276410337,1,0.88071027878047436,0.3403408703080405],[1,0,0,0,0.89282284594887551,0.46243130793865689,0.88071027878047436,1,0.29054636929714839],[0,0,0,0,0.22473070243894697,0.23865051282333249,0.3403408703080405,0.29054636929714839,1]],"matrix_without_context":[[1,1,1,1,0.049501276671065977,0,0.16529617667111993,1,0],[1,1,1,1,0.016392641167004989,0,0,1,0],[1,1,1,1,0.049501276671065977,0,0.16529617667111993,1,0],[1,1,1,1,0.049501276671065977,0,0.16529617667111993,1,0],[0.049501276671065977,0.016392641167004989,0.049501276671065977,0.049501276671065977,1,0.0029768564767243791,0.32568784022388853,0.45797472464962458,0.029461036605717937],[0,0,0,0,0.0029768564767243791,1,0,0,0.0017989992091617679],[0.16529617667111993,0,0.16529617667111993,0.16529617667111993,0.32568784022388853,0,1,0.87604121144607516,0.10753287734811902],[1,1,1,1,0.45797472464962458,0,0.87604121144607516,1,0.12276874354363791],[0,0,0,0,0.029461036605717937,0.0017989992091617679,0.10753287734811902,0.12276874354363791,1]]}