{"matrix_with_context":[[1,1,0.83801418019047558,0.76646943453263383,0.82929087416122771,0,0,0,0,0],[1,1,0.82456797807736715,0.74794679924355634,0.81429444204748158,0,1,0,0,0],[0.83801418019047558,0.82456797807736715,1,0.67617633565453794,0.71395404202537516,0,0,0,0,0],[0.76646943453263383,0.74794679924355634,0.67617633565453794,1,0.67617633565453794,0,0,0,0,0],[0.82929087416122771,0.81429444204748158,0.71395404202537516,0.67617633565453794,1,0,0,0,0,0],[0,0,0,0,0,1,1,1,1,0.91785296792380566],[0,1,0,0,0,1,1,1,1,0.91785296792380566],[0,0,0,0,0,1,1,1,1,0.92728861586556688],[0,0,0,0,0,1,1,1,1,0.9373622021676894],[0,0,0,0,0,0.91785296792380566,0.91785296792380566,0.92728861586556688,0.9373622021676894,1]],"matrix_without_context":[[1,0.84589079041384407,0.90270379534291678,0.6576605631976371,0.79641865773734644,0.32568784022388853,0,0.16529617667111993,0.16529617667111993,0],[0.84589079041384407,1,0.91335582996733766,0.700507010760774,0.82929087416122771,0.32568784022388853,0.068393360620739807,0,0.16529617667111993,0],[0.90270379534291678,0.91335582996733766,1,0.81429444204748158,1,0,0.16529617667111993,1,0,0],[0.6576605631976371,0.700507010760774,0.81429444204748158,1,0.78967270465186667,0,0.03753427281233495,0,0,0],[0.79641865773734644,0.82929087416122771,1,0.78967270465186667,1,0,0,0,0,0],[0.32568784022388853,0.32568784022388853,0,0,0,1,0.93974732960849294,1,1,1],[0,0.068393360620739807,0.16529617667111993,0.03753427281233495,0,0.93974732960849294,1,0.93974732960849294,0.93609741512283307,0.93609741512283307],[0.16529617667111993,0,1,0,0,1,0.93974732960849294,1,1,1],[0.16529617667111993,0.16529617667111993,0,0,0,1,0.93609741512283307,1,1,1],[0,0,0,0,0,1,0.93609741512283307,1,1,1]]}