{"matrix_with_context":[[1,0.91993097384579448,1,1,0.63135375081592382,0,0,0,0,0,0.03753427281233495,0.16529617667111993,0,0,0,0,0,0],[0.91993097384579448,1,0.90833807169528191,0.90833807169528191,0.57241561265017238,0,0,0,0,0,0.023750919969273782,0.068393360620739807,0,0,0,0,0,0],[1,0.90833807169528191,1,1,0.63135375081592382,0,0,0,0,0,0.03753427281233495,0.16529617667111993,0,0,0,0,0,0],[1,0.90833807169528191,1,1,0.63135375081592382,0,0,0,0,0,0.03753427281233495,0.16529617667111993,0,0,0,0,0,0],[0.63135375081592382,0.57241561265017238,0.63135375081592382,0.63135375081592382,1,0,0,0,0,0,0.19148399940098593,0.29782427989471427,0,0,0,0,0.011999098976908526,0],[0,0,0,0,0,1,1,1,1,1,0,0,0,0,0,0,0,0],[0,0,0,0,0,1,1,1,1,1,0,0,0,0,0,0,0,0],[0,0,0,0,0,1,1,1,1,1,0,0,0,0,0,0,0,0],[0,0,0,0,0,1,1,1,1,1,0,0,0,0,0,0,0,0],[0,0,0,0,0,1,1,1,1,1,0,0,0,0,0,0,0,0],[0.03753427281233495,0.023750919969273782,0.03753427281233495,0.03753427281233495,0.19148399940098593,0,0,0,0,0,1,0.69330224607801139,0.52173098990921374,0.49700969553598839,0.5442033162640002,0.52173098990921374,0.29782427989471427,0.43942422276410337],[0.16529617667111993,0.068393360620739807,0.16529617667111993,0.16529617667111993,0.29782427989471427,0,0,0,0,0,0.69330224607801139,1,0.76646943453263383,0.782466108322267,0.79641865773734644,0.79641865773734644,0.43942422276410337,0.72625338056190414],[0,0,0,0,0,0,0,0,0,0,0.52173098990921374,0.76646943453263383,1,1,1,1,0.82929087416122771,1],[0,0,0,0,0,0,0,0,0,0,0.49700969553598839,0.782466108322267,1,1,1,1,0.84954912628525936,1],[0,0,0,0,0,0,0,0,0,0,0.5442033162640002,0.79641865773734644,1,1,1,1,0.84589079041384407,1],[0,0,0,0,0,0,0,0,0,0,0.52173098990921374,0.79641865773734644,1,1,1,1,0.84954912628525936,1],[0,0,0,0,0.011999098976908526,0,0,0,0,0,0.29782427989471427,0.43942422276410337,0.82929087416122771,0.84954912628525936,0.84589079041384407,0.84954912628525936,1,0.82929087416122771],[0,0,0,0,0,0,0,0,0,0,0.43942422276410337,0.72625338056190414,1,1,1,1,0.82929087416122771,1]],"matrix_without_context":[[1,0.88504069074476588,1,0.72625338056190414,0,0,0,0,0,0,0,0,0,0,0,0,0,0],[0.88504069074476588,1,0.63135375081592382,0.52173098990921374,0,0.16529617667111993,0.16529617667111993,0.16529617667111993,0.068393360620739807,0.16529617667111993,0,0,0,0,0,0,0,0],[1,0.63135375081592382,1,0.89282284594887551,0,0,0,0,0,0,0,0,0,0,0,0,0,0],[0.72625338056190414,0.52173098990921374,0.89282284594887551,1,0,0.16529617667111993,0.16529617667111993,0.16529617667111993,0.068393360620739807,0.16529617667111993,0,0,0,0,0,0,0,0],[0,0,0,0,1,0,0,0,0,0,0.59656183305962562,0.89633202970679726,1,1,1,1,1,1],[0,0.16529617667111993,0,0.16529617667111993,0,1,1,1,0.94195751511670334,1,0,0,0,0,0,0,0,0],[0,0.16529617667111993,0,0.16529617667111993,0,1,1,1,0.94683328843174164,1,0,0,0,0,0,0,0,0],[0,0.16529617667111993,0,0.16529617667111993,0,1,1,1,0.94683328843174164,1,0,0,0,0,0,0,0,0],[0,0.068393360620739807,0,0.068393360620739807,0,0.94195751511670334,0.94683328843174164,0.94683328843174164,1,0.9440113212095137,0,0,0,0,0,0,0,0],[0,0.16529617667111993,0,0.16529617667111993,0,1,1,1,0.9440113212095137,1,0,0,0,0,0,0,0,0],[0,0,0,0,0.59656183305962562,0,0,0,0,0,1,0.52173098990921374,0,0,0,0,0,0],[0,0,0,0,0.89633202970679726,0,0,0,0,0,0.52173098990921374,1,0,0,0,0,0,0],[0,0,0,0,1,0,0,0,0,0,0,0,1,1,1,1,1,1],[0,0,0,0,1,0,0,0,0,0,0,0,1,1,1,1,1,1],[0,0,0,0,1,0,0,0,0,0,0,0,1,1,1,1,1,1],[0,0,0,0,1,0,0,0,0,0,0,0,1,1,1,1,1,1],[0,0,0,0,1,0,0,0,0,0,0,0,1,1,1,1,1,1],[0,0,0,0,1,0,0,0,0,0,0,0,1,1,1,1,1,1]]}