{"matrix_with_context":[[1,0.90270379534291678,0.85303806821857564,0.3403408703080405,0.85303806821857564,0,0,0,0,0,0,0,0],[0.90270379534291678,1,1,0.37294497344488614,1,0,0,0,0,0,0,0,0],[0.85303806821857564,1,1,0.45115654190264304,1,0.72625338056190414,1,0.32568784022388853,0,0,0,0,1],[0.3403408703080405,0.37294497344488614,0.45115654190264304,1,0.45115654190264304,0.019560431003895665,0.0072294319155411183,0.0058489631431305625,0,0,0,0,0],[0.85303806821857564,1,1,0.45115654190264304,1,0.66946987211284359,1,0.32568784022388853,0,0,0,0,0],[0,0,0.72625338056190414,0.019560431003895665,0.66946987211284359,1,0.85303806821857564,0.737544897130348,0,0,0,0,0.16529617667111993],[0,0,1,0.0072294319155411183,1,0.85303806821857564,1,0.9109175168146969,0,0,0,0,0],[0,0,0.32568784022388853,0.0058489631431305625,0.32568784022388853,0.737544897130348,0.9109175168146969,1,0,0,0,0,0],[0,0,0,0,0,0,0,0,1,0.88071027878047436,0.78967270465186667,0.90270379534291678,0.89633202970679726],[0,0,0,0,0,0,0,0,0.88071027878047436,1,0.9237868937967405,1,1],[0,0,0,0,0,0,0,0,0.78967270465186667,0.9237868937967405,1,0.90560488392429139,0.90560488392429139],[0,0,0,0,0,0,0,0,0.90270379534291678,1,0.90560488392429139,1,1],[0,0,1,0,0,0.16529617667111993,0,0,0.89633202970679726,1,0.90560488392429139,1,1]],"matrix_without_context":[[1,0.53546514194050066,0,0.042891985515912841,0,0,0,0.068393360620739807,0,0,0,0.03753427281233495,0],[0.53546514194050066,1,0,0.023750919969273782,0,0,0,0,0,0,0,0,0],[0,0,1,0.0048296546113252709,0.89282284594887551,0.8337666549946805,0.60074275976456537,0.782466108322267,0,0,0,0,0],[0.042891985515912841,0.023750919969273782,0.0048296546113252709,1,0.0058489631431305625,0.0048296546113252709,0.0040555704522478525,0.0058489631431305625,0,0,0,0.0048296546113252709,0],[0,0,0.89282284594887551,0.0058489631431305625,1,0.87604121144607516,0.65143769059785506,1,0,0,0,0,0],[0,0,0.8337666549946805,0.0048296546113252709,0.87604121144607516,1,0.66946987211284359,0.85303806821857564,0,0,0,0,0],[0,0,0.60074275976456537,0.0040555704522478525,0.65143769059785506,0.66946987211284359,1,0.78967270465186667,0,0,0,0,0],[0.068393360620739807,0,0.782466108322267,0.0058489631431305625,1,0.85303806821857564,0.78967270465186667,1,0,0,0,0.16529617667111993,0],[0,0,0,0,0,0,0,0,1,0.66946987211284359,0.503418149216112,0.79641865773734644,0.85955267948711633],[0,0,0,0,0,0,0,0,0.66946987211284359,1,0.68574563429279045,0.74794679924355634,0.88504069074476588],[0,0,0,0,0,0,0,0,0.503418149216112,0.68574563429279045,1,0.59656183305962562,0.72625338056190414],[0.03753427281233495,0,0,0.0048296546113252709,0,0,0,0.16529617667111993,0.79641865773734644,0.74794679924355634,0.59656183305962562,1,0.89961885562938126],[0,0,0,0,0,0,0,0,0.85955267948711633,0.88504069074476588,0.72625338056190414,0.89961885562938126,1]]}