{"matrix_with_context":[[1,1,0,0,0,0,0,0,0,0,0,0,0,0],[1,1,0,0,0,0,0,0,0,0,0,0,0,0],[0,0,1,1,1,0,0,0,0,0,0,0,0,0],[0,0,1,1,1,0,0,0,0,0,0,0,0,0],[0,0,1,1,1,0,0,0,0,0,0,0,0,0],[0,0,0,0,0,1,0.9373622021676894,0.93609741512283307,0.89633202970679726,0.90270379534291678,0.89961885562938126,0.89961885562938126,0.89633202970679726,0.802746616928881],[0,0,0,0,0,0.9373622021676894,1,1,1,1,1,1,1,0.89961885562938126],[0,0,0,0,0,0.93609741512283307,1,1,1,1,1,1,1,0.89633202970679726],[0,0,0,0,0,0.89633202970679726,1,1,1,1,1,1,1,0.93857790629280613],[0,0,0,0,0,0.90270379534291678,1,1,1,1,1,1,1,0.93857790629280613],[0,0,0,0,0,0.89961885562938126,1,1,1,1,1,1,1,0.93974732960849294],[0,0,0,0,0,0.89961885562938126,1,1,1,1,1,1,1,0.93857790629280613],[0,0,0,0,0,0.89633202970679726,1,1,1,1,1,1,1,0.940873064963423],[0,0,0,0,0,0.802746616928881,0.89961885562938126,0.89633202970679726,0.93857790629280613,0.93857790629280613,0.93974732960849294,0.93857790629280613,0.940873064963423,1]],"matrix_without_context":[[1,0.59656183305962562,0,0,0,0,0,0,0.03753427281233495,0,0,0,0,0],[0.59656183305962562,1,0,0,0,0,0,0,0.16529617667111993,0,0,0,0,0],[0,0,1,0.49176719594574542,0.52173098990921374,0,0.023750919969273782,0,0.023750919969273782,0.023750919969273782,0.016392641167004989,0.016392641167004989,0.068393360620739807,0.011999098976908526],[0,0,0.49176719594574542,1,0.90560488392429139,0,0.16529617667111993,0,0,0,0,0,0.32568784022388853,0.16529617667111993],[0,0,0.52173098990921374,0.90560488392429139,1,0,1,0,0,0,0,0,1,0.25218762567544],[0,0,0,0,0,1,1,0.93340820557187709,1,1,0.92190648315005508,0.91335582996733766,1,0.60885440507873478],[0,0,0.023750919969273782,0.16529617667111993,1,1,1,0.9373622021676894,1,1,0.9237868937967405,0.91785296792380566,1,0.60885440507873478],[0,0,0,0,0,0.93340820557187709,0.9373622021676894,1,0.9237868937967405,0.94300290984055279,0.88291547371230727,0.87099219668878736,0.91785296792380566,0.5442033162640002],[0.03753427281233495,0.16529617667111993,0.023750919969273782,0,0,1,1,0.9237868937967405,1,1,0.94592477446664147,0.94938448091023209,1,0.737544897130348],[0,0,0.023750919969273782,0,0,1,1,0.94300290984055279,1,1,0.95313274630315326,0.94498467729659308,1,0.65143769059785506],[0,0,0.016392641167004989,0,0,0.92190648315005508,0.9237868937967405,0.88291547371230727,0.94592477446664147,0.95313274630315326,1,0.89961885562938126,0.93340820557187709,0.60074275976456537],[0,0,0.016392641167004989,0,0,0.91335582996733766,0.91785296792380566,0.87099219668878736,0.94938448091023209,0.94498467729659308,0.89961885562938126,1,0.93857790629280613,0.60074275976456537],[0,0,0.068393360620739807,0.32568784022388853,1,1,1,0.91785296792380566,1,1,0.93340820557187709,0.93857790629280613,1,0.75755963235550883],[0,0,0.011999098976908526,0.16529617667111993,0.25218762567544,0.60885440507873478,0.60885440507873478,0.5442033162640002,0.737544897130348,0.65143769059785506,0.60074275976456537,0.60074275976456537,0.75755963235550883,1]]}