{"matrix_with_context":[[1,0.16529617667111993],[0.16529617667111993,1]],"matrix_without_context":[[1,0.39535921643086053],[0.39535921643086053,1]]}