{"matrix_with_context":[[1,0.0040555704522478525,0.0040555704522478525,0.0053027125173365558,0,0,0,0.0048296546113252709,0,0,0,0,0],[0.0040555704522478525,1,0.75755963235550883,0.016392641167004989,0,0,0,0,0,0,0,0,0],[0.0040555704522478525,0.75755963235550883,1,0.016392641167004989,0,0,0,0,0,0,0,0,0],[0.0053027125173365558,0.016392641167004989,0.016392641167004989,1,0,0.062004854184660993,0,0.0058489631431305625,0,0,0.029461036605717937,0.044938057663749864,0.062004854184660993],[0,0,0,0,1,0.027346467968911305,0.22473070243894697,0.26793175283660747,0.37588203934864839,0.3984965425184302,0.14639183262451871,0.0034538575892268568,0],[0,0,0,0.062004854184660993,0.027346467968911305,1,0.029461036605717937,0.03753427281233495,0.03753427281233495,0.068393360620739807,0.11288701516131332,0.17952459231219034,0.18069709880079288],[0,0,0,0,0.22473070243894697,0.029461036605717937,1,0.89282284594887551,0.88504069074476588,0.87604121144607516,0.068393360620739807,0.0072294319155411183,0],[0.0048296546113252709,0,0,0.0058489631431305625,0.26793175283660747,0.03753427281233495,0.89282284594887551,1,1,1,0.049501276671065977,0,0],[0,0,0,0,0.37588203934864839,0.03753427281233495,0.88504069074476588,1,1,1,0.049501276671065977,0,0],[0,0,0,0,0.3984965425184302,0.068393360620739807,0.87604121144607516,1,1,1,0.087874376711873176,0,0.011999098976908526],[0,0,0,0.029461036605717937,0.14639183262451871,0.11288701516131332,0.068393360620739807,0.049501276671065977,0.049501276671065977,0.087874376711873176,1,0.08460618207341615,0.095019041149513025],[0,0,0,0.044938057663749864,0.0034538575892268568,0.17952459231219034,0.0072294319155411183,0,0,0,0.08460618207341615,1,0.1507922311366354],[0,0,0,0.062004854184660993,0,0.18069709880079288,0,0,0,0.011999098976908526,0.095019041149513025,0.1507922311366354,1]],"matrix_without_context":[[1,0,0,0,0,0.0017989992091617679,0,0.031832942175295559,0,0,0,0.0013211724340855455,0],[0,1,0.88906797073604538,0.20166435442006905,0,0,0,0,0,0,0,0.0034538575892268568,0],[0,0.88906797073604538,1,0.22473070243894697,0,0,0,0,0,0,0,0.0029768564767243791,0],[0,0.20166435442006905,0.22473070243894697,1,0,0.0025923195846382528,0,0,0,0,0,0.0017989992091617679,0],[0,0,0,0,1,0.0034538575892268568,0.302605583653328,0.37588203934864839,0.5442033162640002,0.58348764142472931,0.45797472464962458,0.0022777924281824243,0.0072294319155411183],[0.0017989992091617679,0,0,0.0025923195846382528,0.0034538575892268568,1,0.0034538575892268568,0.0040555704522478525,0.0058489631431305625,0.0058489631431305625,0.0040555704522478525,0.0091647995840171727,0.0025923195846382528],[0,0,0,0,0.302605583653328,0.0034538575892268568,1,0.60402674120718192,0.70960684217289294,0.64498740176247749,0.20166435442006905,0,0.0072294319155411183],[0.031832942175295559,0,0,0,0.37588203934864839,0.0040555704522478525,0.60402674120718192,1,0.81957697688458475,0.782466108322267,0.25218762567544,0,0.0091647995840171727],[0,0,0,0,0.5442033162640002,0.0058489631431305625,0.70960684217289294,0.81957697688458475,1,1,0.4837036383374641,0,0.016392641167004989],[0,0,0,0,0.58348764142472931,0.0058489631431305625,0.64498740176247749,0.782466108322267,1,1,0.52173098990921374,0.0034538575892268568,0.016392641167004989],[0,0,0,0,0.45797472464962458,0.0040555704522478525,0.20166435442006905,0.25218762567544,0.4837036383374641,0.52173098990921374,1,0,0.0091647995840171727],[0.0013211724340855455,0.0034538575892268568,0.0029768564767243791,0.0017989992091617679,0.0022777924281824243,0.0091647995840171727,0,0,0,0.0034538575892268568,0,1,0],[0,0,0,0,0.0072294319155411183,0.0025923195846382528,0.0072294319155411183,0.0091647995840171727,0.016392641167004989,0.016392641167004989,0.0091647995840171727,0,1]]}