{"matrix_with_context":[[1,0.85636909672498807,1,0.87604121144607516,0.86551495514281218,1,0.26793175283660747,1],[0.85636909672498807,1,0.84589079041384407,0.66946987211284359,0.68049963816715942,0.4837036383374641,0.16529617667111993,0.4837036383374641],[1,0.84589079041384407,1,0.87604121144607516,0.85955267948711633,1,0.23589722086215964,1],[0.87604121144607516,0.66946987211284359,0.87604121144607516,1,0.75755963235550883,0.72625338056190414,0.22473070243894697,0.66946987211284359],[0.86551495514281218,0.68049963816715942,0.85955267948711633,0.75755963235550883,1,0.79641865773734644,0.302605583653328,0.782466108322267],[1,0.4837036383374641,1,0.72625338056190414,0.79641865773734644,1,0.59401179062217657,1],[0.26793175283660747,0.16529617667111993,0.23589722086215964,0.22473070243894697,0.302605583653328,0.59401179062217657,1,0.56075318675449481],[1,0.4837036383374641,1,0.66946987211284359,0.782466108322267,1,0.56075318675449481,1]],"matrix_without_context":[[1,1,1,1,0.85303806821857564,0.700507010760774,0.27812910984475858,0.52173098990921374],[1,1,1,1,0.83801418019047558,0.72625338056190414,0.32568784022388853,0.52173098990921374],[1,1,1,1,0.84954912628525936,0.72625338056190414,0.32568784022388853,0.52173098990921374],[1,1,1,1,0.82929087416122771,0.76646943453263383,0.40570061213457737,0.58348764142472931],[0.85303806821857564,0.83801418019047558,0.84954912628525936,0.82929087416122771,1,0.58348764142472931,0.23589722086215964,0.367993311389692],[0.700507010760774,0.72625338056190414,0.72625338056190414,0.76646943453263383,0.58348764142472931,1,0.63135375081592382,0.82929087416122771],[0.27812910984475858,0.32568784022388853,0.32568784022388853,0.40570061213457737,0.23589722086215964,0.63135375081592382,1,0.58348764142472931],[0.52173098990921374,0.52173098990921374,0.52173098990921374,0.58348764142472931,0.367993311389692,0.82929087416122771,0.58348764142472931,1]]}