{"matrix_with_context":[[1,1,0.60074275976456537,0.700507010760774,0.63135375081592382,0.84589079041384407,1,1,1],[1,1,0.58348764142472931,0.72625338056190414,0.66946987211284359,0.82929087416122771,1,1,1],[0.60074275976456537,0.58348764142472931,1,0.3578733656260219,0.32568784022388853,0.58348764142472931,0.69082370811937455,0.66946987211284359,0.58348764142472931],[0.700507010760774,0.72625338056190414,0.3578733656260219,1,0.81957697688458475,0.65143769059785506,0.782466108322267,0.782466108322267,0.74794679924355634],[0.63135375081592382,0.66946987211284359,0.32568784022388853,0.81957697688458475,1,0.65143769059785506,0.782466108322267,0.782466108322267,0.74794679924355634],[0.84589079041384407,0.82929087416122771,0.58348764142472931,0.65143769059785506,0.65143769059785506,1,0.93340820557187709,0.92892155650183061,0.90833807169528191],[1,1,0.69082370811937455,0.782466108322267,0.782466108322267,0.93340820557187709,1,1,1],[1,1,0.66946987211284359,0.782466108322267,0.782466108322267,0.92892155650183061,1,1,1],[1,1,0.58348764142472931,0.74794679924355634,0.74794679924355634,0.90833807169528191,1,1,1]],"matrix_without_context":[[1,1,0.65143769059785506,0.60885440507873478,0.52173098990921374,0.49700969553598839,1,0.43942422276410337,0.52173098990921374],[1,1,0.58348764142472931,0.60885440507873478,0.52173098990921374,0.52173098990921374,1,0.43942422276410337,0.52173098990921374],[0.65143769059785506,0.58348764142472931,1,0.11734011782473977,0.11734011782473977,0.29782427989471427,0.68574563429279045,0.367993311389692,0.32568784022388853],[0.60885440507873478,0.60885440507873478,0.11734011782473977,1,0.55468612964981845,0.26793175283660747,0.25218762567544,0.03753427281233495,0.16529617667111993],[0.52173098990921374,0.52173098990921374,0.11734011782473977,0.55468612964981845,1,0.41963602566300873,0.4837036383374641,0.27812910984475858,0.27812910984475858],[0.49700969553598839,0.52173098990921374,0.29782427989471427,0.26793175283660747,0.41963602566300873,1,0.74794679924355634,0.59656183305962562,0.55468612964981845],[1,1,0.68574563429279045,0.25218762567544,0.4837036383374641,0.74794679924355634,1,0.9109175168146969,0.88504069074476588],[0.43942422276410337,0.43942422276410337,0.367993311389692,0.03753427281233495,0.27812910984475858,0.59656183305962562,0.9109175168146969,1,0.81957697688458475],[0.52173098990921374,0.52173098990921374,0.32568784022388853,0.16529617667111993,0.27812910984475858,0.55468612964981845,0.88504069074476588,0.81957697688458475,1]]}