{"matrix_with_context":[[1,0,0.059701327867116627,0.03753427281233495,0.042891985515912841,0.0081110432278934559,0.014691488533861437,0.0020172482675724188,0],[0,1,0.21042811478322881,0.1957469410690782,0,0,0,0.0029768564767243791,0.0022777924281824243],[0.059701327867116627,0.21042811478322881,1,0.63135375081592382,0.34745605695383575,0.16529617667111993,0.1481278803062108,0,0],[0.03753427281233495,0.1957469410690782,0.63135375081592382,1,0.4837036383374641,0.21042811478322881,0.18575377356354245,0,0],[0.042891985515912841,0,0.34745605695383575,0.4837036383374641,1,0.20166435442006905,0.18208010279087045,0.027346467968911305,0.0029768564767243791],[0.0081110432278934559,0,0.16529617667111993,0.21042811478322881,0.20166435442006905,1,0.16529617667111993,0.0022777924281824243,0.0017989992091617679],[0.014691488533861437,0,0.1481278803062108,0.18575377356354245,0.18208010279087045,0.16529617667111993,1,0.023750919969273782,0.0016143587634129823],[0.0020172482675724188,0.0029768564767243791,0,0,0.027346467968911305,0.0022777924281824243,0.023750919969273782,1,0.028163881637935439],[0,0.0022777924281824243,0,0,0.0029768564767243791,0.0017989992091617679,0.0016143587634129823,0.028163881637935439,1]],"matrix_without_context":[[1,0.0091647995840171727,0.03753427281233495,0.029461036605717937,0.077204123756325377,0,0.016392641167004989,0.0040555704522478525,0],[0.0091647995840171727,1,0.60074275976456537,0.62043190647442548,0.023750919969273782,0.10097928530584227,0.16529617667111993,0.0072294319155411183,0.029461036605717937],[0.03753427281233495,0.60074275976456537,1,0.700507010760774,0.054807239502536013,0.068393360620739807,0.16529617667111993,0.0091647995840171727,0.03753427281233495],[0.029461036605717937,0.62043190647442548,0.700507010760774,1,0.044938057663749864,0.03753427281233495,0.068393360620739807,0.0072294319155411183,0.029461036605717937],[0.077204123756325377,0.023750919969273782,0.054807239502536013,0.044938057663749864,1,0.029461036605717937,0.03753427281233495,0.03753427281233495,0.0040555704522478525],[0,0.10097928530584227,0.068393360620739807,0.03753427281233495,0.029461036605717937,1,0.58348764142472931,0.054807239502536013,0.011999098976908526],[0.016392641167004989,0.16529617667111993,0.16529617667111993,0.068393360620739807,0.03753427281233495,0.58348764142472931,1,0.13356650750221294,0.049501276671065977],[0.0040555704522478525,0.0072294319155411183,0.0091647995840171727,0.0072294319155411183,0.03753427281233495,0.054807239502536013,0.13356650750221294,1,0.013938903334611591],[0,0.029461036605717937,0.03753427281233495,0.029461036605717937,0.0040555704522478525,0.011999098976908526,0.049501276671065977,0.013938903334611591,1]]}