{"matrix_with_context":[[1,0.88071027878047436,0.0040555704522478525,0.16529617667111993,0.03753427281233495,0,0,0,0,0.03753427281233495,0,0.016392641167004989],[0.88071027878047436,1,0.0048296546113252709,1,0.068393360620739807,0,0,0.16529617667111993,0,0.068393360620739807,0,0.023750919969273782],[0.0040555704522478525,0.0048296546113252709,1,0,0,0,0,0,0,0,0,0],[0.16529617667111993,1,0,1,0.81429444204748158,0.92190648315005508,0.57241561265017238,0.86551495514281218,1,0.700507010760774,0.71395404202537516,0.60885440507873478],[0.03753427281233495,0.068393360620739807,0,0.81429444204748158,1,0.72625338056190414,0.47779211922748288,0.64498740176247749,0.75755963235550883,0.43942422276410337,0.38738178682260033,0.40570061213457737],[0,0,0,0.92190648315005508,0.72625338056190414,1,0.55468612964981845,0.75755963235550883,0.90270379534291678,0.63135375081592382,0.66946987211284359,0.53546514194050066],[0,0,0,0.57241561265017238,0.47779211922748288,0.55468612964981845,1,0.42302470364712408,0.56075318675449481,0.305986602951492,0.26348866736294896,0.3403408703080405],[0,0.16529617667111993,0,0.86551495514281218,0.64498740176247749,0.75755963235550883,0.42302470364712408,1,0.91993097384579448,0.52173098990921374,0.69082370811937455,0.52173098990921374],[0,0,0,1,0.75755963235550883,0.90270379534291678,0.56075318675449481,0.91993097384579448,1,0.700507010760774,0.81957697688458475,0.67781107701750676],[0.03753427281233495,0.068393360620739807,0,0.700507010760774,0.43942422276410337,0.63135375081592382,0.305986602951492,0.52173098990921374,0.700507010760774,1,0.63135375081592382,0.302605583653328],[0,0,0,0.71395404202537516,0.38738178682260033,0.66946987211284359,0.26348866736294896,0.69082370811937455,0.81957697688458475,0.63135375081592382,1,0.27812910984475858],[0.016392641167004989,0.023750919969273782,0,0.60885440507873478,0.40570061213457737,0.53546514194050066,0.3403408703080405,0.52173098990921374,0.67781107701750676,0.302605583653328,0.27812910984475858,1]],"matrix_without_context":[[1,0.77475024407828419,0.013938903334611591,0,0,0,0,0,0.068393360620739807,0,0,0],[0.77475024407828419,1,0.027346467968911305,0,0,0,0,0,0.068393360620739807,0,0,0],[0.013938903334611591,0.027346467968911305,1,0,0,0,0,0,0,0,0,0],[0,0,0,1,0.66069038817449055,0.87604121144607516,0.59401179062217657,0.58348764142472931,0.6576605631976371,0.67781107701750676,0.75755963235550883,0.16529617667111993],[0,0,0,0.66069038817449055,1,0.79641865773734644,0.53546514194050066,0.5442033162640002,0.56470905735878529,0.55468612964981845,0.700507010760774,0.049501276671065977],[0,0,0,0.87604121144607516,0.79641865773734644,1,0.72625338056190414,0.80869414296759312,0.85955267948711633,0.81957697688458475,1,0.27812910984475858],[0,0,0,0.59401179062217657,0.53546514194050066,0.72625338056190414,1,0.38738178682260033,0.46243130793865689,0.475391062573035,0.56470905735878529,0.03753427281233495],[0,0,0,0.58348764142472931,0.5442033162640002,0.80869414296759312,0.38738178682260033,1,0.81429444204748158,0.46970564488467387,0.9109175168146969,0.16529617667111993],[0.068393360620739807,0.068393360620739807,0,0.6576605631976371,0.56470905735878529,0.85955267948711633,0.46243130793865689,0.81429444204748158,1,0.58348764142472931,0.93048278580024735,0.32568784022388853],[0,0,0,0.67781107701750676,0.55468612964981845,0.81957697688458475,0.475391062573035,0.46970564488467387,0.58348764142472931,1,0.68574563429279045,0.26793175283660747],[0,0,0,0.75755963235550883,0.700507010760774,1,0.56470905735878529,0.9109175168146969,0.93048278580024735,0.68574563429279045,1,0.32568784022388853],[0,0,0,0.16529617667111993,0.049501276671065977,0.27812910984475858,0.03753427281233495,0.16529617667111993,0.32568784022388853,0.26793175283660747,0.32568784022388853,1]]}