{"matrix_with_context":[[1,0,0,0,0,0,0,0],[0,1,0,0,0,0,0,0],[0,0,1,0,0,0,0,0],[0,0,0,1,0,0,0,0],[0,0,0,0,1,0,0,0],[0,0,0,0,0,1,0,0],[0,0,0,0,0,0,1,0],[0,0,0,0,0,0,0,1]],"matrix_without_context":[[1,1,1,0.0003376269980513538,1,1,1,1],[1,1,1,0.0002497492713665731,1,1,1,1],[1,1,1,0.27539637325126931,1,1,1,1],[0.0003376269980513538,0.0002497492713665731,0.27539637325126931,1,0.26581750070830373,0.25640307921649985,0.0054565055957081559,0.0046140678487823833],[1,1,1,0.26581750070830373,1,1,1,1],[1,1,1,0.25640307921649985,1,1,1,1],[1,1,1,0.0054565055957081559,1,1,1,1],[1,1,1,0.0046140678487823833,1,1,1,1]]}