{"matrix_with_context":[[1,0.016392641167004989,0,0,0,0.0020172482675724188],[0.016392641167004989,1,0.0025923195846382528,0.096296059284486882,0.0048296546113252709,0.090895308291641233],[0,0.0025923195846382528,1,0.0072294319155411183,0.13356650750221294,0.016392641167004989],[0,0.096296059284486882,0.0072294319155411183,1,0.03753427281233495,0.087874376711873176],[0,0.0048296546113252709,0.13356650750221294,0.03753427281233495,1,0.013938903334611591],[0.0020172482675724188,0.090895308291641233,0.016392641167004989,0.087874376711873176,0.013938903334611591,1]],"matrix_without_context":[[1,0.18069709880079288,0,0,0,0.019560431003895665],[0.18069709880079288,1,0.0048296546113252709,0,0.0040555704522478525,0.0072294319155411183],[0,0.0048296546113252709,1,0.0081110432278934559,0.1984440468944596,0],[0,0,0.0081110432278934559,1,0.023750919969273782,0],[0,0.0040555704522478525,0.1984440468944596,0.023750919969273782,1,0],[0.019560431003895665,0.0072294319155411183,0,0,0,1]]}