{"matrix_with_context":[[1,0,0,0.0029768564767243791,0.0058489631431305625,0,0,0,0,0,0,0],[0,1,0.027346467968911305,0.042891985515912841,0.029461036605717937,0.019560431003895665,0,0,0,0,0,0],[0,0.027346467968911305,1,0.32568784022388853,0,0,0,0,0,0,0,0],[0.0029768564767243791,0.042891985515912841,0.32568784022388853,1,0,0,0,0,0,0,0,0],[0.0058489631431305625,0.029461036605717937,0,0,1,0.77475024407828419,0.03753427281233495,0.068393360620739807,0.16529617667111993,1,1,1],[0,0.019560431003895665,0,0,0.77475024407828419,1,0.016392641167004989,0.023750919969273782,0.03753427281233495,0.068393360620739807,0.068393360620739807,0.068393360620739807],[0,0,0,0,0.03753427281233495,0.016392641167004989,1,0.57241561265017238,0.59656183305962562,0.69082370811937455,0.5442033162640002,0.5442033162640002],[0,0,0,0,0.068393360620739807,0.023750919969273782,0.57241561265017238,1,0.72625338056190414,0.84205044201905843,0.65143769059785506,0.65143769059785506],[0,0,0,0,0.16529617667111993,0.03753427281233495,0.59656183305962562,0.72625338056190414,1,0.91335582996733766,0.79641865773734644,0.79641865773734644],[0,0,0,0,1,0.068393360620739807,0.69082370811937455,0.84205044201905843,0.91335582996733766,1,1,1],[0,0,0,0,1,0.068393360620739807,0.5442033162640002,0.65143769059785506,0.79641865773734644,1,1,1],[0,0,0,0,1,0.068393360620739807,0.5442033162640002,0.65143769059785506,0.79641865773734644,1,1,1]],"matrix_without_context":[[1,0.0091647995840171727,0.068393360620739807,0.014691488533861437,0.0927848763623698,0.049501276671065977,0.0029768564767243791,0,0,0,0,0],[0.0091647995840171727,1,0.0025923195846382528,0.0016143587634129823,0.031832942175295559,0.052585685013413992,0,0,0,0,0,0],[0.068393360620739807,0.0025923195846382528,1,0.068393360620739807,0.023750919969273782,0.016392641167004989,0.0029768564767243791,0,0,0,0.011999098976908526,0.0091647995840171727],[0.014691488533861437,0.0016143587634129823,0.068393360620739807,1,0.0034538575892268568,0.0025923195846382528,0.0017989992091617679,0,0.0025923195846382528,0.0034538575892268568,0,0],[0.0927848763623698,0.031832942175295559,0.023750919969273782,0.0034538575892268568,1,0.5442033162640002,0.03753427281233495,0.011999098976908526,0.13356650750221294,0.068393360620739807,0.38738178682260033,0.27812910984475858],[0.049501276671065977,0.052585685013413992,0.016392641167004989,0.0025923195846382528,0.5442033162640002,1,0.013938903334611591,0.023750919969273782,0.11734011782473977,0.03753427281233495,0.023750919969273782,0.016392641167004989],[0.0029768564767243791,0,0.0029768564767243791,0.0017989992091617679,0.03753427281233495,0.013938903334611591,1,0.027346467968911305,0.042891985515912841,0.057790890043389789,0.0091647995840171727,0.0072294319155411183],[0,0,0,0,0.011999098976908526,0.023750919969273782,0.027346467968911305,1,0.14160118649403922,0.4837036383374641,0.068393360620739807,0.049501276671065977],[0,0,0,0.0025923195846382528,0.13356650750221294,0.11734011782473977,0.042891985515912841,0.14160118649403922,1,0.367993311389692,0.068393360620739807,0.049501276671065977],[0,0,0,0.0034538575892268568,0.068393360620739807,0.03753427281233495,0.057790890043389789,0.4837036383374641,0.367993311389692,1,0.25218762567544,0.16529617667111993],[0,0,0.011999098976908526,0,0.38738178682260033,0.023750919969273782,0.0091647995840171727,0.068393360620739807,0.068393360620739807,0.25218762567544,1,0.88906797073604538],[0,0,0.0091647995840171727,0,0.27812910984475858,0.016392641167004989,0.0072294319155411183,0.049501276671065977,0.049501276671065977,0.16529617667111993,0.88906797073604538,1]]}