{"matrix_with_context":[[1,0,0,0,0,0,0,0,0,0,0,0,0],[0,1,0.031832942175295559,0.057790890043389789,0.023750919969273782,0.011999098976908526,0,0,0,0,0,0,0],[0,0.031832942175295559,1,0.91993097384579448,0.63135375081592382,0.67781107701750676,0,0,0,0,0,0,0],[0,0.057790890043389789,0.91993097384579448,1,0.700507010760774,0.72625338056190414,0,0,0,0,0,0,0],[0,0.023750919969273782,0.63135375081592382,0.700507010760774,1,0.49700969553598839,0,0,0,0,0,0,0],[0,0.011999098976908526,0.67781107701750676,0.72625338056190414,0.49700969553598839,1,0,0,0,0,0,0,0],[0,0,0,0,0,0,1,0.068393360620739807,0.068393360620739807,0.068393360620739807,0.16529617667111993,0.12709828237865858,0],[0,0,0,0,0,0,0.068393360620739807,1,1,1,0.25218762567544,0.74794679924355634,0],[0,0,0,0,0,0,0.068393360620739807,1,1,1,0.25218762567544,0.74794679924355634,0],[0,0,0,0,0,0,0.068393360620739807,1,1,1,0.25218762567544,0.74794679924355634,0.0048296546113252709],[0,0,0,0,0,0,0.16529617667111993,0.25218762567544,0.25218762567544,0.25218762567544,1,0.52173098990921374,0],[0,0,0,0,0,0,0.12709828237865858,0.74794679924355634,0.74794679924355634,0.74794679924355634,0.52173098990921374,1,0],[0,0,0,0,0,0,0,0,0,0.0048296546113252709,0,0,1]],"matrix_without_context":[[1,0,0,0.0091647995840171727,0.016392641167004989,0,0,0.0091647995840171727,0.0091647995840171727,0.0072294319155411183,0,0,0],[0,1,0.34745605695383575,0.45797472464962458,0.25218762567544,0.23173853555738505,0,0,0,0,0.011999098976908526,0.0091647995840171727,0],[0,0.34745605695383575,1,0.92557890878718818,0.700507010760774,0.68574563429279045,0,0,0,0,0.068393360620739807,0.03753427281233495,0],[0.0091647995840171727,0.45797472464962458,0.92557890878718818,1,0.782466108322267,0.74794679924355634,0,0,0,0,0.16529617667111993,0.068393360620739807,0],[0.016392641167004989,0.25218762567544,0.700507010760774,0.782466108322267,1,0.50967101368833356,0,0,0,0,0.023750919969273782,0,0],[0,0.23173853555738505,0.68574563429279045,0.74794679924355634,0.50967101368833356,1,0,0,0,0,0,0.016392641167004989,0],[0,0,0,0,0,0,1,0.14426559739093756,0.12276874354363791,0.12709828237865858,0.0048296546113252709,0.013938903334611591,0],[0.0091647995840171727,0,0,0,0,0,0.14426559739093756,1,1,0.92190648315005508,0.16529617667111993,0.16529617667111993,0],[0.0091647995840171727,0,0,0,0,0,0.12276874354363791,1,1,0.90833807169528191,0.16529617667111993,0.16529617667111993,0],[0.0072294319155411183,0,0,0,0,0,0.12709828237865858,0.92190648315005508,0.90833807169528191,1,0.068393360620739807,0.10097928530584227,0],[0,0.011999098976908526,0.068393360620739807,0.16529617667111993,0.023750919969273782,0,0.0048296546113252709,0.16529617667111993,0.16529617667111993,0.068393360620739807,1,0.61664838769664443,0.0040555704522478525],[0,0.0091647995840171727,0.03753427281233495,0.068393360620739807,0,0.016392641167004989,0.013938903334611591,0.16529617667111993,0.16529617667111993,0.10097928530584227,0.61664838769664443,1,0],[0,0,0,0,0,0,0,0,0,0,0.0040555704522478525,0,1]]}