{"matrix_with_context":[[1,0.011999098976908526,0.0040555704522478525,0.0040555704522478525,0,0,0,0,0,0,0],[0.011999098976908526,1,0.0058489631431305625,0.0058489631431305625,0.0025923195846382528,0,0,0,0,0,0],[0.0040555704522478525,0.0058489631431305625,1,0.75755963235550883,0,0,0,0,0,0,0],[0.0040555704522478525,0.0058489631431305625,0.75755963235550883,1,0,0,0,0,0,0,0],[0,0.0025923195846382528,0,0,1,0.302605583653328,0,0.054807239502536013,0.068393360620739807,0.044938057663749864,0],[0,0,0,0,0.302605583653328,1,0.03753427281233495,0.82929087416122771,1,0.737544897130348,0.068393360620739807],[0,0,0,0,0,0.03753427281233495,1,0.023750919969273782,0.03753427281233495,0.016392641167004989,0.50718819387846492],[0,0,0,0,0.054807239502536013,0.82929087416122771,0.023750919969273782,1,0.9109175168146969,0.76060379900416775,0.03753427281233495],[0,0,0,0,0.068393360620739807,1,0.03753427281233495,0.9109175168146969,1,0.84205044201905843,0.068393360620739807],[0,0,0,0,0.044938057663749864,0.737544897130348,0.016392641167004989,0.76060379900416775,0.84205044201905843,1,0.023750919969273782],[0,0,0,0,0,0.068393360620739807,0.50718819387846492,0.03753427281233495,0.068393360620739807,0.023750919969273782,1]],"matrix_without_context":[[1,0,0,0,0.029461036605717937,0,0,0,0,0.011999098976908526,0],[0,1,0,0,0.0022777924281824243,0.013938903334611591,0,0,0,0,0],[0,0,1,0.87604121144607516,0,0,0,0.16529617667111993,0,0,0],[0,0,0.87604121144607516,1,0,0,0.016392641167004989,1,0,0,0],[0.029461036605717937,0.0022777924281824243,0,0,1,0.08460618207341615,0,0.044938057663749864,0.019560431003895665,0.068393360620739807,0],[0,0.013938903334611591,0,0,0.08460618207341615,1,0,0.068393360620739807,0.016392641167004989,0.068393360620739807,0],[0,0,0,0.016392641167004989,0,0,1,0.049501276671065977,0.011999098976908526,0.016392641167004989,0.19148399940098593],[0,0,0.16529617667111993,1,0.044938057663749864,0.068393360620739807,0.049501276671065977,1,0.87604121144607516,1,0.068393360620739807],[0,0,0,0,0.019560431003895665,0.016392641167004989,0.011999098976908526,0.87604121144607516,1,0.88071027878047436,0],[0.011999098976908526,0,0,0,0.068393360620739807,0.068393360620739807,0.016392641167004989,1,0.88071027878047436,1,0],[0,0,0,0,0,0,0.19148399940098593,0.068393360620739807,0,0,1]]}