{"matrix_with_context":[[1,0.6576605631976371,0,0,0,0,0.16529617667111993,1,0,1],[0.6576605631976371,1,0,0,0,0,0.023750919969273782,0.03753427281233495,0,0.03753427281233495],[0,0,1,0.016392641167004989,0.031832942175295559,0,0,0,0,0],[0,0,0.016392641167004989,1,0,0.0034538575892268568,0,0,0.0020172482675724188,0],[0,0,0.031832942175295559,0,1,0.19148399940098593,0.53546514194050066,0.59656183305962562,0.11288701516131332,0.59656183305962562],[0,0,0,0.0034538575892268568,0.19148399940098593,1,0.58348764142472931,0.64498740176247749,0.28313954651435008,0.6576605631976371],[0.16529617667111993,0.023750919969273782,0,0,0.53546514194050066,0.58348764142472931,1,0.92892155650183061,0.21042811478322881,0.92892155650183061],[1,0.03753427281233495,0,0,0.59656183305962562,0.64498740176247749,0.92892155650183061,1,0.24060777066588548,1],[0,0,0,0.0020172482675724188,0.11288701516131332,0.28313954651435008,0.21042811478322881,0.24060777066588548,1,0.26348866736294896],[1,0.03753427281233495,0,0,0.59656183305962562,0.6576605631976371,0.92892155650183061,1,0.26348866736294896,1]],"matrix_without_context":[[1,0.59656183305962562,0,0,0.016392641167004989,0,0.068393360620739807,0,0,0],[0.59656183305962562,1,0,0,0.016392641167004989,0,0.068393360620739807,0,0,0],[0,0,1,0.03753427281233495,0.45797472464962458,0.21042811478322881,0.38738178682260033,0.38738178682260033,0.16529617667111993,0.32568784022388853],[0,0,0.03753427281233495,1,0.049501276671065977,0.03753427281233495,0,0,0.031832942175295559,0],[0.016392641167004989,0.016392641167004989,0.45797472464962458,0.049501276671065977,1,0.12709828237865858,0.10097928530584227,0.10097928530584227,0.068393360620739807,0.10097928530584227],[0,0,0.21042811478322881,0.03753427281233495,0.12709828237865858,1,0.82456797807736715,0.81429444204748158,0.37588203934864839,0.81957697688458475],[0.068393360620739807,0.068393360620739807,0.38738178682260033,0,0.10097928530584227,0.82456797807736715,1,1,0.32568784022388853,1],[0,0,0.38738178682260033,0,0.10097928530584227,0.81429444204748158,1,1,0.22473070243894697,1],[0,0,0.16529617667111993,0.031832942175295559,0.068393360620739807,0.37588203934864839,0.32568784022388853,0.22473070243894697,1,0.22473070243894697],[0,0,0.32568784022388853,0,0.10097928530584227,0.81957697688458475,1,1,0.22473070243894697,1]]}