{"matrix_with_context":[[1,0.0013211724340855455,0,0,0,0,0,0],[0.0013211724340855455,1,0,0.0016143587634129823,0,0,0,0],[0,0,1,0,0,0.068393360620739807,0,0.0025923195846382528],[0,0.0016143587634129823,0,1,0.020824021082567559,0.0091647995840171727,0.095019041149513025,0.014691488533861437],[0,0,0,0.020824021082567559,1,0.027346467968911305,0.21042811478322881,0.090895308291641233],[0,0,0.068393360620739807,0.0091647995840171727,0.027346467968911305,1,0.10097928530584227,0.13816512106135553],[0,0,0,0.095019041149513025,0.21042811478322881,0.10097928530584227,1,0.1481278803062108],[0,0,0.0025923195846382528,0.014691488533861437,0.090895308291641233,0.13816512106135553,0.1481278803062108,1]],"matrix_without_context":[[1,0,0.0091647995840171727,0,0,0,0,0],[0,1,0.0040555704522478525,0.0017989992091617679,0,0.0020172482675724188,0,0],[0.0091647995840171727,0.0040555704522478525,1,0.0048296546113252709,0,0.12276874354363791,0,0.12709828237865858],[0,0.0017989992091617679,0.0048296546113252709,1,0.0081110432278934559,0.0022777924281824243,0.03753427281233495,0],[0,0,0,0.0081110432278934559,1,0,0.068393360620739807,0.0048296546113252709],[0,0.0020172482675724188,0.12276874354363791,0.0022777924281824243,0,1,0,0.068393360620739807],[0,0,0,0.03753427281233495,0.068393360620739807,0,1,0.0048296546113252709],[0,0,0.12709828237865858,0,0.0048296546113252709,0.068393360620739807,0.0048296546113252709,1]]}