{"matrix_with_context":[[1,0,0,0,0,0,0.0017989992091617679,0.03753427281233495,0,0,0,0],[0,1,0.344423617934296,0,0,0,0.0029768564767243791,0,0,0,0,0],[0,0.344423617934296,1,0,0,0,0.0034538575892268568,0,0,0,0,0],[0,0,0,1,0.0029768564767243791,0.023750919969273782,0,0.0020172482675724188,0,0,0,0],[0,0,0,0.0029768564767243791,1,0.24060777066588548,0.0029768564767243791,0.042891985515912841,0,0,0,0],[0,0,0,0.023750919969273782,0.24060777066588548,1,0.052585685013413992,0.031832942175295559,0.20166435442006905,0.20166435442006905,0.32568784022388853,0.25218762567544],[0.0017989992091617679,0.0029768564767243791,0.0034538575892268568,0,0.0029768564767243791,0.052585685013413992,1,0.033944944909024853,0.042891985515912841,0.042891985515912841,0.057790890043389789,0.049501276671065977],[0.03753427281233495,0,0,0.0020172482675724188,0.042891985515912841,0.031832942175295559,0.033944944909024853,1,0.0058489631431305625,0.0058489631431305625,0.029461036605717937,0.023750919969273782],[0,0,0,0,0,0.20166435442006905,0.042891985515912841,0.0058489631431305625,1,0.71395404202537516,0.85636909672498807,0.79197031841522392],[0,0,0,0,0,0.20166435442006905,0.042891985515912841,0.0058489631431305625,0.71395404202537516,1,0.82929087416122771,0.74794679924355634],[0,0,0,0,0,0.32568784022388853,0.057790890043389789,0.029461036605717937,0.85636909672498807,0.82929087416122771,1,0.92892155650183061],[0,0,0,0,0,0.25218762567544,0.049501276671065977,0.023750919969273782,0.79197031841522392,0.74794679924355634,0.92892155650183061,1]],"matrix_without_context":[[1,0,0,0,0,0,0,0,0,0,0,0],[0,1,0.062004854184660993,0,0,0,0.0064843534204155418,0,0,0,0,0],[0,0.062004854184660993,1,0.010438766674641539,0.0040555704522478525,0,0.014691488533861437,0.0022777924281824243,0,0,0,0],[0,0,0.010438766674641539,1,0.016392641167004989,0.0029768564767243791,0,0,0.0072294319155411183,0,0.0058489631431305625,0],[0,0,0.0040555704522478525,0.016392641167004989,1,0.077204123756325377,0,0.011999098976908526,0,0,0,0],[0,0,0,0.0029768564767243791,0.077204123756325377,1,0,0,0,0,0,0],[0,0.0064843534204155418,0.014691488533861437,0,0,0,1,0.013242899847723307,0,0,0,0],[0,0,0.0022777924281824243,0,0.011999098976908526,0,0.013242899847723307,1,0,0,0,0],[0,0,0,0.0072294319155411183,0,0,0,0,1,0.56470905735878529,0.49176719594574542,0.5442033162640002],[0,0,0,0,0,0,0,0,0.56470905735878529,1,0.43942422276410337,0.58348764142472931],[0,0,0,0.0058489631431305625,0,0,0,0,0.49176719594574542,0.43942422276410337,1,0.62043190647442548],[0,0,0,0,0,0,0,0,0.5442033162640002,0.58348764142472931,0.62043190647442548,1]]}