{"matrix_with_context":[[1,0,0,0.013242899847723307,0],[0,1,0.27812910984475858,0.10097928530584227,0.10097928530584227],[0,0.27812910984475858,1,0.095019041149513025,0.18208010279087045],[0.013242899847723307,0.10097928530584227,0.095019041149513025,1,0.068393360620739807],[0,0.10097928530584227,0.18208010279087045,0.068393360620739807,1]],"matrix_without_context":[[1,0,0,0.03753427281233495,0],[0,1,0.11734011782473977,0.049501276671065977,0.0058489631431305625],[0,0.11734011782473977,1,0.03753427281233495,0.077204123756325377],[0.03753427281233495,0.049501276671065977,0.03753427281233495,1,0],[0,0.0058489631431305625,0.077204123756325377,0,1]]}