{"matrix_with_context":[[1,0.014691488533861437,0.0081110432278934559,0.0025923195846382528,0.03753427281233495,0.03753427281233495],[0.014691488533861437,1,0.095019041149513025,0.0048296546113252709,0.25218762567544,0.27178351098514891],[0.0081110432278934559,0.095019041149513025,1,0.20557609966576662,0.11033862621988332,0.11033862621988332],[0.0025923195846382528,0.0048296546113252709,0.20557609966576662,1,0.011999098976908526,0.011999098976908526],[0.03753427281233495,0.25218762567544,0.11033862621988332,0.011999098976908526,1,0.63135375081592382],[0.03753427281233495,0.27178351098514891,0.11033862621988332,0.011999098976908526,0.63135375081592382,1]],"matrix_without_context":[[1,0,0.011999098976908526,0.011999098976908526,0.0017989992091617679,0.068393360620739807],[0,1,0.0072294319155411183,0.0072294319155411183,0.0029768564767243791,0.0048296546113252709],[0.011999098976908526,0.0072294319155411183,1,0.58348764142472931,0.0058489631431305625,0],[0.011999098976908526,0.0072294319155411183,0.58348764142472931,1,0.0058489631431305625,0],[0.0017989992091617679,0.0029768564767243791,0.0058489631431305625,0.0058489631431305625,1,0.077204123756325377],[0.068393360620739807,0.0048296546113252709,0,0,0.077204123756325377,1]]}