{"matrix_with_context":[[1,0.10753287734811902,0.0064843534204155418,0.049501276671065977,0.068393360620739807,0.10097928530584227],[0.10753287734811902,1,0.0081110432278934559,0.29054636929714839,0.40570061213457737,0.53877983779138638],[0.0064843534204155418,0.0081110432278934559,1,0,0,0],[0.049501276671065977,0.29054636929714839,0,1,0.32568784022388853,0.62043190647442548],[0.068393360620739807,0.40570061213457737,0,0.32568784022388853,1,0.737544897130348],[0.10097928530584227,0.53877983779138638,0,0.62043190647442548,0.737544897130348,1]],"matrix_without_context":[[1,0,0.019560431003895665,0.023750919969273782,0,0],[0,1,0,0.16529617667111993,0.11734011782473977,0.45797472464962458],[0.019560431003895665,0,1,0,0,0],[0.023750919969273782,0.16529617667111993,0,1,0.52173098990921374,0.60885440507873478],[0,0.11734011782473977,0,0.52173098990921374,1,0.49700969553598839],[0,0.45797472464962458,0,0.60885440507873478,0.49700969553598839,1]]}