{"matrix_with_context":[[1,0.25218762567544,0.0081110432278934559,0.0927848763623698,0.03753427281233495,0.029461036605717937],[0.25218762567544,1,0.042891985515912841,0.59656183305962562,0.25218762567544,0.10097928530584227],[0.0081110432278934559,0.042891985515912841,1,0.033128761365810756,0.013938903334611591,0.011999098976908526],[0.0927848763623698,0.59656183305962562,0.033128761365810756,1,0.4144824997410867,0.29782427989471427],[0.03753427281233495,0.25218762567544,0.013938903334611591,0.4144824997410867,1,0.68049963816715942],[0.029461036605717937,0.10097928530584227,0.011999098976908526,0.29782427989471427,0.68049963816715942,1]],"matrix_without_context":[[1,0.26793175283660747,0.13816512106135553,0.068393360620739807,0,0],[0.26793175283660747,1,0.068393360620739807,0.52173098990921374,0,0.016392641167004989],[0.13816512106135553,0.068393360620739807,1,0,0,0],[0.068393360620739807,0.52173098990921374,0,1,0.068393360620739807,0.068393360620739807],[0,0,0,0.068393360620739807,1,0.068393360620739807],[0,0.016392641167004989,0,0.068393360620739807,0.068393360620739807,1]]}