{"matrix_with_context":[[1,0.88291547371230727,0.832300980355251,0.84205044201905843,0.82456797807736715,0.79641865773734644,0.74110574870396628,0.72625338056190414],[0.88291547371230727,1,0.9373622021676894,1,1,0.9237868937967405,0.89633202970679726,0.89282284594887551],[0.832300980355251,0.9373622021676894,1,0.91785296792380566,0.90560488392429139,0.85955267948711633,0.80869414296759312,0.802746616928881],[0.84205044201905843,1,0.91785296792380566,1,1,0.9440113212095137,0.93048278580024735,0.91566428005117884],[0.82456797807736715,1,0.90560488392429139,1,1,0.93478051224678316,0.92892155650183061,0.91335582996733766],[0.79641865773734644,0.9237868937967405,0.85955267948711633,0.9440113212095137,0.93478051224678316,1,0.87099219668878736,0.84589079041384407],[0.74110574870396628,0.89633202970679726,0.80869414296759312,0.93048278580024735,0.92892155650183061,0.87099219668878736,1,0.85636909672498807],[0.72625338056190414,0.89282284594887551,0.802746616928881,0.91566428005117884,0.91335582996733766,0.84589079041384407,0.85636909672498807,1]],"matrix_without_context":[[1,0.87099219668878736,0.79197031841522392,1,0.85303806821857564,1,0.65143769059785506,0.700507010760774],[0.87099219668878736,1,0.67617633565453794,0.86551495514281218,0.6576605631976371,0.86259838045151771,0.4837036383374641,0.46970564488467387],[0.79197031841522392,0.67617633565453794,1,0.74110574870396628,0.52173098990921374,0.73388534398155536,0.32568784022388853,0.29054636929714839],[1,0.86551495514281218,0.74110574870396628,1,0.89961885562938126,1,0.737544897130348,0.79641865773734644],[0.85303806821857564,0.6576605631976371,0.52173098990921374,0.89961885562938126,1,0.88906797073604538,0.61664838769664443,0.65143769059785506],[1,0.86259838045151771,0.73388534398155536,1,0.88906797073604538,1,0.71395404202537516,0.79641865773734644],[0.65143769059785506,0.4837036383374641,0.32568784022388853,0.737544897130348,0.61664838769664443,0.71395404202537516,1,0.72625338056190414],[0.700507010760774,0.46970564488467387,0.29054636929714839,0.79641865773734644,0.65143769059785506,0.79641865773734644,0.72625338056190414,1]]}