{"matrix_with_context":[[1,0.67781107701750676,0.59656183305962562,0.6576605631976371,0.68049963816715942,0.6576605631976371],[0.67781107701750676,1,0.737544897130348,0.85955267948711633,0.85955267948711633,0.85955267948711633],[0.59656183305962562,0.737544897130348,1,0.92190648315005508,0.9237868937967405,0.92190648315005508],[0.6576605631976371,0.85955267948711633,0.92190648315005508,1,1,1],[0.68049963816715942,0.85955267948711633,0.9237868937967405,1,1,1],[0.6576605631976371,0.85955267948711633,0.92190648315005508,1,1,1]],"matrix_without_context":[[1,0.75755963235550883,0.068393360620739807,0.32568784022388853,0,0],[0.75755963235550883,1,0,0.16529617667111993,0,0.023750919969273782],[0.068393360620739807,0,1,0.89633202970679726,0.79641865773734644,0.6416731110615701],[0.32568784022388853,0.16529617667111993,0.89633202970679726,1,0.90560488392429139,0.78732395728382543],[0,0,0.79641865773734644,0.90560488392429139,1,0.68574563429279045],[0,0.023750919969273782,0.6416731110615701,0.78732395728382543,0.68574563429279045,1]]}