{"matrix_with_context":[[1,0.93857790629280613,0.87356703492623478,0.93478051224678316,0.87099219668878736,0.93609741512283307,0.72023786948305613,0.84589079041384407],[0.93857790629280613,1,0.93609741512283307,1,0.93478051224678316,1,0.78732395728382543,0.92190648315005508],[0.87356703492623478,0.93609741512283307,1,0.9373622021676894,0.87842050966637164,0.9373622021676894,0.737544897130348,0.85636909672498807],[0.93478051224678316,1,0.9373622021676894,1,0.94195751511670334,1,0.80068132633020217,0.92557890878718818],[0.87099219668878736,0.93478051224678316,0.87842050966637164,0.94195751511670334,1,0.94683328843174164,0.7620975293440504,0.87099219668878736],[0.93609741512283307,1,0.9373622021676894,1,0.94683328843174164,1,0.81957697688458475,0.9373622021676894],[0.72023786948305613,0.78732395728382543,0.737544897130348,0.80068132633020217,0.7620975293440504,0.81957697688458475,1,0.7620975293440504],[0.84589079041384407,0.92190648315005508,0.85636909672498807,0.92557890878718818,0.87099219668878736,0.9373622021676894,0.7620975293440504,1]],"matrix_without_context":[[1,0.718173939325141,0.83801418019047558,0.63135375081592382,0.58348764142472931,0.43942422276410337,0.16529617667111993,0.068393360620739807],[0.718173939325141,1,0.67781107701750676,0.59656183305962562,0.503418149216112,0.56075318675449481,0.32568784022388853,0.23589722086215964],[0.83801418019047558,0.67781107701750676,1,0.72625338056190414,0.71395404202537516,0.61664838769664443,0.49700969553598839,0.40570061213457737],[0.63135375081592382,0.59656183305962562,0.72625338056190414,1,0.76646943453263383,0.74794679924355634,0.66946987211284359,0.56470905735878529],[0.58348764142472931,0.503418149216112,0.71395404202537516,0.76646943453263383,1,0.72625338056190414,0.64498740176247749,0.49700969553598839],[0.43942422276410337,0.56075318675449481,0.61664838769664443,0.74794679924355634,0.72625338056190414,1,0.700507010760774,0.63135375081592382],[0.16529617667111993,0.32568784022388853,0.49700969553598839,0.66946987211284359,0.64498740176247749,0.700507010760774,1,0.6416731110615701],[0.068393360620739807,0.23589722086215964,0.40570061213457737,0.56470905735878529,0.49700969553598839,0.63135375081592382,0.6416731110615701,1]]}