{"matrix_with_context":[[1,1,1,0.88906797073604538,1,1,1,1],[1,1,1,0.88291547371230727,1,1,1,1],[1,1,1,0.88504069074476588,1,1,1,1],[0.88906797073604538,0.88291547371230727,0.88504069074476588,1,0.89282284594887551,0.89282284594887551,0.88504069074476588,0.89282284594887551],[1,1,1,0.89282284594887551,1,1,1,1],[1,1,1,0.89282284594887551,1,1,1,1],[1,1,1,0.88504069074476588,1,1,1,1],[1,1,1,0.89282284594887551,1,1,1,1]],"matrix_without_context":[[1,0.80068132633020217,0.72625338056190414,0.84589079041384407,0.70738370698597275,0.77205572242034937,0.81246436674032907,0.76646943453263383],[0.80068132633020217,1,0.78732395728382543,0.91993097384579448,0.79641865773734644,0.86259838045151771,0.88071027878047436,0.84589079041384407],[0.72625338056190414,0.78732395728382543,1,0.87356703492623478,0.79310046718833049,0.832300980355251,0.81608923673222156,0.83801418019047558],[0.84589079041384407,0.91993097384579448,0.87356703492623478,1,0.87356703492623478,0.93478051224678316,0.93340820557187709,0.93478051224678316],[0.70738370698597275,0.79641865773734644,0.79310046718833049,0.87356703492623478,1,0.832300980355251,0.80869414296759312,0.832300980355251],[0.77205572242034937,0.86259838045151771,0.832300980355251,0.93478051224678316,0.832300980355251,1,0.86831043418409337,0.88291547371230727],[0.81246436674032907,0.88071027878047436,0.81608923673222156,0.93340820557187709,0.80869414296759312,0.86831043418409337,1,0.86551495514281218],[0.76646943453263383,0.84589079041384407,0.83801418019047558,0.93478051224678316,0.832300980355251,0.88291547371230727,0.86551495514281218,1]]}