{"matrix_with_context":[[1,0.94195751511670334,0.94771178421162194,0.95018133510065639,0.95242816618006232,0.88906797073604538,0.94498467729659308,0.89961885562938126,0,0,0,0,0,0,0,0],[0.94195751511670334,1,1,1,1,0.94938448091023209,1,0.94195751511670334,0,0,0,0,0,0,0,0],[0.94771178421162194,1,1,1,1,0.95095349168693977,1,0.9440113212095137,0,0,0,0,0,0,0,0],[0.95018133510065639,1,1,1,1,0.94195751511670334,1,0.94771178421162194,0,0,0,0,0,0,0,0],[0.95242816618006232,1,1,1,1,0.94300290984055279,1,0.94938448091023209,0,0,0,0,0,0,0,0],[0.88906797073604538,0.94938448091023209,0.95095349168693977,0.94195751511670334,0.94300290984055279,1,0.95095349168693977,0.8909777033503703,0,0,0,0,0,0,0,0],[0.94498467729659308,1,1,1,1,0.95095349168693977,1,0.9440113212095137,0,0,0,0,0,0,0,0],[0.89961885562938126,0.94195751511670334,0.9440113212095137,0.94771178421162194,0.94938448091023209,0.8909777033503703,0.9440113212095137,1,0,0,0,0,0,0,0,0],[0,0,0,0,0,0,0,0,1,1,1,1,1,1,0.73201727248460757,0.65143769059785506],[0,0,0,0,0,0,0,0,1,1,1,1,1,1,0.737544897130348,0.66069038817449055],[0,0,0,0,0,0,0,0,1,1,1,1,1,1,0.73201727248460757,0.65143769059785506],[0,0,0,0,0,0,0,0,1,1,1,1,1,1,0.737544897130348,0.66069038817449055],[0,0,0,0,0,0,0,0,1,1,1,1,1,1,0.72625338056190414,0.65143769059785506],[0,0,0,0,0,0,0,0,1,1,1,1,1,1,0.72625338056190414,0.65143769059785506],[0,0,0,0,0,0,0,0,0.73201727248460757,0.737544897130348,0.73201727248460757,0.737544897130348,0.72625338056190414,0.72625338056190414,1,0.49374540184743737],[0,0,0,0,0,0,0,0,0.65143769059785506,0.66069038817449055,0.65143769059785506,0.66069038817449055,0.65143769059785506,0.65143769059785506,0.49374540184743737,1]],"matrix_without_context":[[1,0.87356703492623478,0.88504069074476588,0.9373622021676894,0.84335161173498951,0.92892155650183061,0.80476967288698187,0.782466108322267,0,0,0,0,0,0,0,0],[0.87356703492623478,1,0.88291547371230727,0.91785296792380566,0.81246436674032907,0.940873064963423,0.80869414296759312,0.73388534398155536,0,0,0,0,0,0,0,0],[0.88504069074476588,0.88291547371230727,1,0.91993097384579448,0.82929087416122771,0.93340820557187709,0.81957697688458475,0.76646943453263383,0,0,0,0,0,0,0,0],[0.9373622021676894,0.91785296792380566,0.91993097384579448,1,0.87842050966637164,1,0.82456797807736715,0.84954912628525936,0,0,0,0,0,0,0,0],[0.84335161173498951,0.81246436674032907,0.82929087416122771,0.87842050966637164,1,0.85955267948711633,0.75284616416639061,0.74285039249990992,0,0,0,0,0,0,0,0],[0.92892155650183061,0.940873064963423,0.93340820557187709,1,0.85955267948711633,1,0.86831043418409337,0.80869414296759312,0,0,0,0,0,0,0,0],[0.80476967288698187,0.80869414296759312,0.81957697688458475,0.82456797807736715,0.75284616416639061,0.86831043418409337,1,0.66946987211284359,0,0,0,0,0,0,0,0],[0.782466108322267,0.73388534398155536,0.76646943453263383,0.84954912628525936,0.74285039249990992,0.80869414296759312,0.66946987211284359,1,0,0,0,0,0,0,0,0],[0,0,0,0,0,0,0,0,1,1,0.94856172512354742,0.95381676287276362,1,1,0.59401179062217657,0.057790890043389789],[0,0,0,0,0,0,0,0,1,1,0.95095349168693977,0.95575405498662258,1,1,0.613567737361717,0.03753427281233495],[0,0,0,0,0,0,0,0,0.94856172512354742,0.95095349168693977,1,0.90560488392429139,0.94856172512354742,0.94938448091023209,0.5442033162640002,0.031832942175295559],[0,0,0,0,0,0,0,0,0.95381676287276362,0.95575405498662258,0.90560488392429139,1,0.95448110306179013,0.95448110306179013,0.52173098990921374,0.031832942175295559],[0,0,0,0,0,0,0,0,1,1,0.94856172512354742,0.95448110306179013,1,1,0.56075318675449481,0.057790890043389789],[0,0,0,0,0,0,0,0,1,1,0.94938448091023209,0.95448110306179013,1,1,0.58348764142472931,0.057790890043389789],[0,0,0,0,0,0,0,0,0.59401179062217657,0.613567737361717,0.5442033162640002,0.52173098990921374,0.56075318675449481,0.58348764142472931,1,0.018408999651278343],[0,0,0,0,0,0,0,0,0.057790890043389789,0.03753427281233495,0.031832942175295559,0.031832942175295559,0.057790890043389789,0.057790890043389789,0.018408999651278343,1]]}