{"matrix_with_context":[[1,0.93857790629280613,1,1,0.93609741512283307,1,0.9373622021676894,0.93609741512283307,0,0,0,0,0,0,0,0],[0.93857790629280613,1,0.940873064963423,0.9440113212095137,0.894606618266328,0.95018133510065639,0.90417627895595931,0.89961885562938126,0,0,0,0,0,0,0,0],[1,0.940873064963423,1,1,0.93478051224678316,1,0.93609741512283307,0.93974732960849294,0,0,0,0,0,0,0,0],[1,0.9440113212095137,1,1,0.93974732960849294,1,0.94592477446664147,0.94300290984055279,0,0,0,0,0,0,0,0],[0.93609741512283307,0.894606618266328,0.93478051224678316,0.93974732960849294,1,0.9440113212095137,0.89282284594887551,0.88709019935752786,0,0,0,0,0,0,0,0],[1,0.95018133510065639,1,1,0.9440113212095137,1,0.94771178421162194,0.94683328843174164,0,0,0,0,0,0,0,0],[0.9373622021676894,0.90417627895595931,0.93609741512283307,0.94592477446664147,0.89282284594887551,0.94771178421162194,1,0.90560488392429139,0,0,0,0,0,0,0,0],[0.93609741512283307,0.89961885562938126,0.93974732960849294,0.94300290984055279,0.88709019935752786,0.94683328843174164,0.90560488392429139,1,0,0,0,0,0,0,0,0],[0,0,0,0,0,0,0,0,1,0.94856172512354742,1,0.88504069074476588,0.95313274630315326,0.54111947159615426,1,1],[0,0,0,0,0,0,0,0,0.94856172512354742,1,0.94498467729659308,0.832300980355251,0.89800189622854043,0.503418149216112,0.9440113212095137,0.94300290984055279],[0,0,0,0,0,0,0,0,1,0.94498467729659308,1,0.89282284594887551,0.95242816618006232,0.54111947159615426,1,1],[0,0,0,0,0,0,0,0,0.88504069074476588,0.832300980355251,0.89282284594887551,1,0.83801418019047558,0.46970564488467387,0.8909777033503703,0.8909777033503703],[0,0,0,0,0,0,0,0,0.95313274630315326,0.89800189622854043,0.95242816618006232,0.83801418019047558,1,0.503418149216112,0.95242816618006232,0.94683328843174164],[0,0,0,0,0,0,0,0,0.54111947159615426,0.503418149216112,0.54111947159615426,0.46970564488467387,0.503418149216112,1,0.54111947159615426,0.54111947159615426],[0,0,0,0,0,0,0,0,1,0.9440113212095137,1,0.8909777033503703,0.95242816618006232,0.54111947159615426,1,1],[0,0,0,0,0,0,0,0,1,0.94300290984055279,1,0.8909777033503703,0.94683328843174164,0.54111947159615426,1,1]],"matrix_without_context":[[1,0.92557890878718818,0.86831043418409337,0.92557890878718818,1,0.85636909672498807,0.91335582996733766,0.3984965425184302,0,0,0,0,0,0,0,0],[0.92557890878718818,1,0.77205572242034937,0.85303806821857564,0.93609741512283307,0.83801418019047558,0.84954912628525936,0.34745605695383575,0,0,0,0,0,0,0.03753427281233495,0],[0.86831043418409337,0.77205572242034937,1,0.80476967288698187,0.84205044201905843,0.72023786948305613,0.76646943453263383,0.28526904819372234,0,0,0,0,0,0,0,0],[0.92557890878718818,0.85303806821857564,0.80476967288698187,1,0.92190648315005508,0.80068132633020217,0.86259838045151771,0.43942422276410337,0,0,0,0,0,0,0,0],[1,0.93609741512283307,0.84205044201905843,0.92190648315005508,1,0.87604121144607516,0.91993097384579448,0.37588203934864839,0,0,0,0,0,0,0,0],[0.85636909672498807,0.83801418019047558,0.72023786948305613,0.80068132633020217,0.87604121144607516,1,0.79641865773734644,0.32568784022388853,0,0,0,0,0,0,0,0],[0.91335582996733766,0.84954912628525936,0.76646943453263383,0.86259838045151771,0.91993097384579448,0.79641865773734644,1,0.38738178682260033,0,0,0,0,0,0,0,0],[0.3984965425184302,0.34745605695383575,0.28526904819372234,0.43942422276410337,0.37588203934864839,0.32568784022388853,0.38738178682260033,1,0,0,0,0,0,0,0,0],[0,0,0,0,0,0,0,0,1,1,0.9373622021676894,0.84205044201905843,1,0.0091647995840171727,0.88906797073604538,0.92728861586556688],[0,0,0,0,0,0,0,0,1,1,0.93048278580024735,0.81957697688458475,1,0.0091647995840171727,0.87842050966637164,0.92190648315005508],[0,0,0,0,0,0,0,0,0.9373622021676894,0.93048278580024735,1,0.79641865773734644,0.940873064963423,0,0.85073033939983977,0.83801418019047558],[0,0,0,0,0,0,0,0,0.84205044201905843,0.81957697688458475,0.79641865773734644,1,0.84589079041384407,0,0.74794679924355634,0.76646943453263383],[0,0,0,0,0,0,0,0,1,1,0.940873064963423,0.84589079041384407,1,0.0091647995840171727,0.89282284594887551,0.92892155650183061],[0,0,0,0,0,0,0,0,0.0091647995840171727,0.0091647995840171727,0,0,0.0091647995840171727,1,0.0058489631431305625,0.0072294319155411183],[0,0.03753427281233495,0,0,0,0,0,0,0.88906797073604538,0.87842050966637164,0.85073033939983977,0.74794679924355634,0.89282284594887551,0.0058489631431305625,1,0.79641865773734644],[0,0,0,0,0,0,0,0,0.92728861586556688,0.92190648315005508,0.83801418019047558,0.76646943453263383,0.92892155650183061,0.0072294319155411183,0.79641865773734644,1]]}