{"matrix_with_context":[[1,0.079173757109080284,0.079173757109080284,0.057790890043389789,0.0091647995840171727],[0.079173757109080284,1,0.82929087416122771,0.80869414296759312,0.32568784022388853],[0.079173757109080284,0.82929087416122771,1,0.81957697688458475,0.344423617934296],[0.057790890043389789,0.80869414296759312,0.81957697688458475,1,0.344423617934296],[0.0091647995840171727,0.32568784022388853,0.344423617934296,0.344423617934296,1]],"matrix_without_context":[[1,0.52173098990921374,0.16529617667111993,0.46243130793865689,0.52173098990921374],[0.52173098990921374,1,0.29782427989471427,0.40570061213457737,0.27812910984475858],[0.16529617667111993,0.29782427989471427,1,0.26793175283660747,0.55468612964981845],[0.46243130793865689,0.40570061213457737,0.26793175283660747,1,0.27812910984475858],[0.52173098990921374,0.27812910984475858,0.55468612964981845,0.27812910984475858,1]]}