{"matrix_with_context":[[1,0,0,0,0,0.0048296546113252709,0.019560431003895665,0],[0,1,0.84205044201905843,0.10097928530584227,0.700507010760774,0.32568784022388853,0.63135375081592382,0.4837036383374641],[0,0.84205044201905843,1,0.13356650750221294,0.700507010760774,0.32568784022388853,0.63135375081592382,0.4837036383374641],[0,0.10097928530584227,0.13356650750221294,1,0.054807239502536013,0.068393360620739807,0.049501276671065977,0.044938057663749864],[0,0.700507010760774,0.700507010760774,0.054807239502536013,1,0.32568784022388853,0.52173098990921374,0.50718819387846492],[0.0048296546113252709,0.32568784022388853,0.32568784022388853,0.068393360620739807,0.32568784022388853,1,0.88071027878047436,0.52173098990921374],[0.019560431003895665,0.63135375081592382,0.63135375081592382,0.049501276671065977,0.52173098990921374,0.88071027878047436,1,0.69082370811937455],[0,0.4837036383374641,0.4837036383374641,0.044938057663749864,0.50718819387846492,0.52173098990921374,0.69082370811937455,1]],"matrix_without_context":[[1,0,0,0.011999098976908526,0,0.087874376711873176,0.023750919969273782,0],[0,1,1,0.85303806821857564,0.76646943453263383,1,0.16529617667111993,1],[0,1,1,0.84589079041384407,0.80869414296759312,1,0.22473070243894697,1],[0.011999098976908526,0.85303806821857564,0.84589079041384407,1,0.68574563429279045,0.16529617667111993,0.21042811478322881,0.89961885562938126],[0,0.76646943453263383,0.80869414296759312,0.68574563429279045,1,0.16529617667111993,0.16529617667111993,0.85303806821857564],[0.087874376711873176,1,1,0.16529617667111993,0.16529617667111993,1,0.60074275976456537,1],[0.023750919969273782,0.16529617667111993,0.22473070243894697,0.21042811478322881,0.16529617667111993,0.60074275976456537,1,0.22473070243894697],[0,1,1,0.89961885562938126,0.85303806821857564,1,0.22473070243894697,1]]}