{"matrix_with_context":[[1,0.74794679924355634,0,0,0,0,0,0.016392641167004989,0,0,0,0,0.16529617667111993,0.16529617667111993,0.16529617667111993,0.16529617667111993,0,0.16529617667111993,0],[0.74794679924355634,1,0,0,0,0,0,0.016392641167004989,0,0,0,0,0.32568784022388853,0.16529617667111993,0.32568784022388853,0.32568784022388853,0,0.32568784022388853,0],[0,0,1,0.031832942175295559,1,0.029461036605717937,0.37588203934864839,0,0,0,0,0,0,0,0,0,0,0,0],[0,0,0.031832942175295559,1,0.031832942175295559,0.0064843534204155418,0.03753427281233495,0,0,0,0,0,0,0,0,0,0,0,0],[0,0,1,0.031832942175295559,1,0.029461036605717937,0.41963602566300873,0,0,0,0,0,0,0,0,0,0,0,0],[0,0,0.029461036605717937,0.0064843534204155418,0.029461036605717937,1,0.052585685013413992,0.0040555704522478525,0,0,0,0,0,0,0,0,0,0,0],[0,0,0.37588203934864839,0.03753427281233495,0.41963602566300873,0.052585685013413992,1,0,0,0,0,0,0,0,0,0,0,0,0],[0.016392641167004989,0.016392641167004989,0,0,0,0.0040555704522478525,0,1,0.3578733656260219,0.3578733656260219,0.3578733656260219,0.22473070243894697,0.67781107701750676,0.66946987211284359,0.67781107701750676,0.67781107701750676,0.3578733656260219,0.67781107701750676,0.3578733656260219],[0,0,0,0,0,0,0,0.3578733656260219,1,1,1,0.90964619023159587,1,1,1,1,1,1,1],[0,0,0,0,0,0,0,0.3578733656260219,1,1,1,0.9109175168146969,1,1,1,1,1,1,1],[0,0,0,0,0,0,0,0.3578733656260219,1,1,1,0.90964619023159587,1,1,1,1,1,1,1],[0,0,0,0,0,0,0,0.22473070243894697,0.90964619023159587,0.9109175168146969,0.90964619023159587,1,0.81429444204748158,0.81957697688458475,0.81429444204748158,0.80869414296759312,0.90964619023159587,0.802746616928881,0.90699154159973439],[0.16529617667111993,0.32568784022388853,0,0,0,0,0,0.67781107701750676,1,1,1,0.81429444204748158,1,1,1,1,1,1,1],[0.16529617667111993,0.16529617667111993,0,0,0,0,0,0.66946987211284359,1,1,1,0.81957697688458475,1,1,1,1,1,1,1],[0.16529617667111993,0.32568784022388853,0,0,0,0,0,0.67781107701750676,1,1,1,0.81429444204748158,1,1,1,1,1,1,1],[0.16529617667111993,0.32568784022388853,0,0,0,0,0,0.67781107701750676,1,1,1,0.80869414296759312,1,1,1,1,1,1,1],[0,0,0,0,0,0,0,0.3578733656260219,1,1,1,0.90964619023159587,1,1,1,1,1,1,1],[0.16529617667111993,0.32568784022388853,0,0,0,0,0,0.67781107701750676,1,1,1,0.802746616928881,1,1,1,1,1,1,1],[0,0,0,0,0,0,0,0.3578733656260219,1,1,1,0.90699154159973439,1,1,1,1,1,1,1]],"matrix_without_context":[[1,0.89633202970679726,0.068393360620739807,0,1,0.4837036383374641,0,0.0058489631431305625,0,0,0,0,0,0,0,0,0,0,0],[0.89633202970679726,1,0.03753427281233495,0,0.16529617667111993,0.367993311389692,0,0.0048296546113252709,0,0,0,0,0,0,0,0,0,0,0],[0.068393360620739807,0.03753427281233495,1,0.21042811478322881,0.84205044201905843,0,0.46970564488467387,0,0,0,0,0,0,0,0,0.068393360620739807,0,0,0],[0,0,0.21042811478322881,1,0.27812910984475858,0,0.21905547534089254,0,0,0,0,0,0,0,0,0,0,0,0],[1,0.16529617667111993,0.84205044201905843,0.27812910984475858,1,0,0.5695571072448129,0,0,0,0,0,0,0,0,1,0,0,0],[0.4837036383374641,0.367993311389692,0,0,0,1,0.011999098976908526,0.095019041149513025,0,0.068393360620739807,0,0,0.068393360620739807,0.16529617667111993,0.068393360620739807,0.068393360620739807,0,0.068393360620739807,0],[0,0,0.46970564488467387,0.21905547534089254,0.5695571072448129,0.011999098976908526,1,0,0,0,0,0,0,0,0,0.023750919969273782,0,0,0],[0.0058489631431305625,0.0048296546113252709,0,0,0,0.095019041149513025,0,1,0,0,0,0,0.079173757109080284,0.057790890043389789,0.079173757109080284,0.079173757109080284,0,0.057790890043389789,0],[0,0,0,0,0,0,0,0,1,1,0.95381676287276362,0.9440113212095137,1,1,1,1,1,1,1],[0,0,0,0,0,0.068393360620739807,0,0,1,1,0.95095349168693977,0.94195751511670334,1,1,1,1,1,1,1],[0,0,0,0,0,0,0,0,0.95381676287276362,0.95095349168693977,1,0.894606618266328,0.86551495514281218,0.88071027878047436,0.86551495514281218,0.87099219668878736,0.95313274630315326,0.86551495514281218,0.95018133510065639],[0,0,0,0,0,0,0,0,0.9440113212095137,0.94195751511670334,0.894606618266328,1,0.85303806821857564,0.86551495514281218,0.85955267948711633,0.85955267948711633,0.94683328843174164,0.85303806821857564,0.94771178421162194],[0,0,0,0,0,0.068393360620739807,0,0.079173757109080284,1,1,0.86551495514281218,0.85303806821857564,1,1,1,1,1,1,1],[0,0,0,0,0,0.16529617667111993,0,0.057790890043389789,1,1,0.88071027878047436,0.86551495514281218,1,1,1,1,1,1,1],[0,0,0,0,0,0.068393360620739807,0,0.079173757109080284,1,1,0.86551495514281218,0.85955267948711633,1,1,1,1,1,1,1],[0,0,0.068393360620739807,0,1,0.068393360620739807,0.023750919969273782,0.079173757109080284,1,1,0.87099219668878736,0.85955267948711633,1,1,1,1,1,1,1],[0,0,0,0,0,0,0,0,1,1,0.95313274630315326,0.94683328843174164,1,1,1,1,1,1,1],[0,0,0,0,0,0.068393360620739807,0,0.057790890043389789,1,1,0.86551495514281218,0.85303806821857564,1,1,1,1,1,1,1],[0,0,0,0,0,0,0,0,1,1,0.95018133510065639,0.94771178421162194,1,1,1,1,1,1,1]]}