{"matrix_with_context":[[1,1,0,0,0,0,0],[1,1,0,0,0,0,0],[0,0,1,0.18826721087667056,0.13356650750221294,0.0017989992091617679,0.0016143587634129823],[0,0,0.18826721087667056,1,0.63135375081592382,0.019560431003895665,0.0048296546113252709],[0,0,0.13356650750221294,0.63135375081592382,1,0.020824021082567559,0.0025923195846382528],[0,0,0.0017989992091617679,0.019560431003895665,0.020824021082567559,1,0.0014567619608943834],[0,0,0.0016143587634129823,0.0048296546113252709,0.0025923195846382528,0.0014567619608943834,1]],"matrix_without_context":[[1,0.76646943453263383,0,0,0,0,0],[0.76646943453263383,1,0,0,0,0,0],[0,0,1,0.55468612964981845,0.55468612964981845,0.25218762567544,0],[0,0,0.55468612964981845,1,0.533229525239399,0.21042811478322881,0],[0,0,0.55468612964981845,0.533229525239399,1,0.29054636929714839,0],[0,0,0.25218762567544,0.21042811478322881,0.29054636929714839,1,0],[0,0,0,0,0,0,1]]}