{"matrix_with_context":[[1,0.26100126021657916,0,0,0,0,0,0.029461036605717937,0.03753427281233495,0,0,0,0],[0.26100126021657916,1,0,0,0,0,0,0.0072294319155411183,0.0091647995840171727,0,0,0,0],[0,0,1,0.0072294319155411183,0.0064843534204155418,0.013938903334611591,0.013938903334611591,0,0,0,0.0014567619608943834,0,0],[0,0,0.0072294319155411183,1,0.04668351201829516,0.16529617667111993,0.13816512106135553,0,0,0.0058489631431305625,0,0,0],[0,0,0.0064843534204155418,0.04668351201829516,1,0.044938057663749864,0.023750919969273782,0.016392641167004989,0.019560431003895665,0,0,0.0091647995840171727,0.0091647995840171727],[0,0,0.013938903334611591,0.16529617667111993,0.044938057663749864,1,0.78967270465186667,0,0,0.11734011782473977,0.049501276671065977,0,0],[0,0,0.013938903334611591,0.13816512106135553,0.023750919969273782,0.78967270465186667,1,0,0,0.21042811478322881,0.087874376711873176,0,0],[0.029461036605717937,0.0072294319155411183,0,0,0.016392641167004989,0,0,1,0.50718819387846492,0.011999098976908526,0,0.03753427281233495,0.03753427281233495],[0.03753427281233495,0.0091647995840171727,0,0,0.019560431003895665,0,0,0.50718819387846492,1,0.016392641167004989,0,0,0],[0,0,0,0.0058489631431305625,0,0.11734011782473977,0.21042811478322881,0.011999098976908526,0.016392641167004989,1,0.14957205893541087,0.22473070243894697,0.22473070243894697],[0,0,0.0014567619608943834,0,0,0.049501276671065977,0.087874376711873176,0,0,0.14957205893541087,1,0.03753427281233495,0.03753427281233495],[0,0,0,0,0.0091647995840171727,0,0,0.03753427281233495,0,0.22473070243894697,0.03753427281233495,1,1],[0,0,0,0,0.0091647995840171727,0,0,0.03753427281233495,0,0.22473070243894697,0.03753427281233495,1,1]],"matrix_without_context":[[1,0.71395404202537516,0,0,0,0,0,0.068393360620739807,0,0,0,0,0],[0.71395404202537516,1,0.023750919969273782,0.023750919969273782,0,0,0,0.068393360620739807,0,0,0,0,0],[0,0.023750919969273782,1,0,0,0,0,0,0.019560431003895665,0,0,0,0],[0,0.023750919969273782,0,1,0,0.55468612964981845,0.60074275976456537,0,0,0.25218762567544,0.0040555704522478525,0.03753427281233495,0.03753427281233495],[0,0,0,0,1,0,0,0.023750919969273782,0.027346467968911305,0,0.0029768564767243791,0.016392641167004989,0],[0,0,0,0.55468612964981845,0,1,0.89282284594887551,0,0,0.25218762567544,0.0058489631431305625,0,0],[0,0,0,0.60074275976456537,0,0.89282284594887551,1,0.03753427281233495,0.011999098976908526,0.367993311389692,0.068393360620739807,0,0],[0.068393360620739807,0.068393360620739807,0,0,0.023750919969273782,0,0.03753427281233495,1,0.26100126021657916,0,0.0040555704522478525,0,0],[0,0,0.019560431003895665,0,0.027346467968911305,0,0.011999098976908526,0.26100126021657916,1,0,0.0025923195846382528,0,0],[0,0,0,0.25218762567544,0,0.25218762567544,0.367993311389692,0,0,1,0.042891985515912841,0,0.03753427281233495],[0,0,0,0.0040555704522478525,0.0029768564767243791,0.0058489631431305625,0.068393360620739807,0.0040555704522478525,0.0025923195846382528,0.042891985515912841,1,0,0],[0,0,0,0.03753427281233495,0.016392641167004989,0,0,0,0,0,0,1,1],[0,0,0,0.03753427281233495,0,0,0,0,0,0.03753427281233495,0,1,1]]}