{"matrix_with_context":[[1,0.344423617934296,0,0.0091647995840171727,0,0.0072294319155411183,0,0,0,0,0,0],[0.344423617934296,1,0,0.019560431003895665,0.0091647995840171727,0.03753427281233495,0.023750919969273782,0,0,0,0,0],[0,0,1,0,0.049501276671065977,0.027346467968911305,0.011999098976908526,0.0040555704522478525,0.0034538575892268568,0,0,0],[0.0091647995840171727,0.019560431003895665,0,1,0.0091647995840171727,0,0,0.0048296546113252709,0.0040555704522478525,0.0048296546113252709,0.023750919969273782,0.019560431003895665],[0,0.0091647995840171727,0.049501276671065977,0.0091647995840171727,1,0.21042811478322881,0.16529617667111993,0.14160118649403922,0.10097928530584227,0,0.011999098976908526,0.0091647995840171727],[0.0072294319155411183,0.03753427281233495,0.027346467968911305,0,0.21042811478322881,1,0.52173098990921374,0.29054636929714839,0.16529617667111993,0,0,0],[0,0.023750919969273782,0.011999098976908526,0,0.16529617667111993,0.52173098990921374,1,0.16529617667111993,0.13356650750221294,0,0,0],[0,0,0.0040555704522478525,0.0048296546113252709,0.14160118649403922,0.29054636929714839,0.16529617667111993,1,0.52173098990921374,0,0,0],[0,0,0.0034538575892268568,0.0040555704522478525,0.10097928530584227,0.16529617667111993,0.13356650750221294,0.52173098990921374,1,0,0,0],[0,0,0,0.0048296546113252709,0,0,0,0,0,1,0.782466108322267,0.69082370811937455],[0,0,0,0.023750919969273782,0.011999098976908526,0,0,0,0,0.782466108322267,1,0.89961885562938126],[0,0,0,0.019560431003895665,0.0091647995840171727,0,0,0,0,0.69082370811937455,0.89961885562938126,1]],"matrix_without_context":[[1,0.75755963235550883,0,0.019560431003895665,0,0,0,0,0,0,0,0],[0.75755963235550883,1,0,0.019560431003895665,0,0,0,0,0,0,0,0],[0,0,1,0,0.52173098990921374,0.13356650750221294,0.016392641167004989,0.21042811478322881,0.25218762567544,0.011999098976908526,0,0],[0.019560431003895665,0.019560431003895665,0,1,0,0,0,0,0,0,0,0],[0,0,0.52173098990921374,0,1,0.367993311389692,0.26793175283660747,0.58348764142472931,0.6416731110615701,0,0,0],[0,0,0.13356650750221294,0,0.367993311389692,1,0.14426559739093756,0.27178351098514891,0.25218762567544,0,0,0],[0,0,0.016392641167004989,0,0.26793175283660747,0.14426559739093756,1,0.16529617667111993,0.19148399940098593,0,0,0],[0,0,0.21042811478322881,0,0.58348764142472931,0.27178351098514891,0.16529617667111993,1,0.49700969553598839,0,0,0],[0,0,0.25218762567544,0,0.6416731110615701,0.25218762567544,0.19148399940098593,0.49700969553598839,1,0,0,0],[0,0,0.011999098976908526,0,0,0,0,0,0,1,0.45496440993935694,0.42302470364712408],[0,0,0,0,0,0,0,0,0,0.45496440993935694,1,0.71395404202537516],[0,0,0,0,0,0,0,0,0,0.42302470364712408,0.71395404202537516,1]]}