{"matrix_with_context":[[1,0,0,0,0,0,0,0.0016143587634129823,0.0020172482675724188,0],[0,1,1,1,0,1,1,0.19148399940098593,0,0],[0,1,1,1,0,1,1,0.21660451007200782,0,0],[0,1,1,1,0,0,1,0.21660451007200782,0,0],[0,0,0,0,1,0.77475024407828419,0.79641865773734644,0.0058489631431305625,0.11033862621988332,0.03753427281233495],[0,1,1,0,0.77475024407828419,1,1,0.0091647995840171727,0.16529617667111993,0.29054636929714839],[0,1,1,1,0.79641865773734644,1,1,0.029461036605717937,0.16529617667111993,0.29054636929714839],[0.0016143587634129823,0.19148399940098593,0.21660451007200782,0.21660451007200782,0.0058489631431305625,0.0091647995840171727,0.029461036605717937,1,0.10097928530584227,0],[0.0020172482675724188,0,0,0,0.11033862621988332,0.16529617667111993,0.16529617667111993,0.10097928530584227,1,0],[0,0,0,0,0.03753427281233495,0.29054636929714839,0.29054636929714839,0,0,1]],"matrix_without_context":[[1,0.049501276671065977,0,0,0.0072294319155411183,0.049501276671065977,0.016392641167004989,0,0.0091647995840171727,0.0072294319155411183],[0.049501276671065977,1,0.89282284594887551,1,0.40570061213457737,1,1,0.011999098976908526,0.068393360620739807,0.10097928530584227],[0,0.89282284594887551,1,0.90270379534291678,0.29054636929714839,0.83801418019047558,0.88071027878047436,0.029461036605717937,0,0.068393360620739807],[0,1,0.90270379534291678,1,0.367993311389692,1,1,0.03753427281233495,0,0.10097928530584227],[0.0072294319155411183,0.40570061213457737,0.29054636929714839,0.367993311389692,1,0.49700969553598839,0.43942422276410337,0.019560431003895665,0.12709828237865858,0.13356650750221294],[0.049501276671065977,1,0.83801418019047558,1,0.49700969553598839,1,1,0.03753427281233495,0.068393360620739807,0.16529617667111993],[0.016392641167004989,1,0.88071027878047436,1,0.43942422276410337,1,1,0.03753427281233495,0,0.10097928530584227],[0,0.011999098976908526,0.029461036605717937,0.03753427281233495,0.019560431003895665,0.03753427281233495,0.03753427281233495,1,0,0.0058489631431305625],[0.0091647995840171727,0.068393360620739807,0,0,0.12709828237865858,0.068393360620739807,0,0,1,0.12709828237865858],[0.0072294319155411183,0.10097928530584227,0.068393360620739807,0.10097928530584227,0.13356650750221294,0.16529617667111993,0.10097928530584227,0.0058489631431305625,0.12709828237865858,1]]}