{"matrix_with_context":[[1,0],[0,1]],"matrix_without_context":[[1,0.016392641167004989],[0.016392641167004989,1]]}