{"matrix_with_context":[[1,0.76646943453263383,0,0,0],[0.76646943453263383,1,0,0,0],[0,0,1,0.052585685013413992,0.052585685013413992],[0,0,0.052585685013413992,1,0.30850382211040417],[0,0,0.052585685013413992,0.30850382211040417,1]],"matrix_without_context":[[1,0.58348764142472931,0,0,0],[0.58348764142472931,1,0,0,0],[0,0,1,0.023750919969273782,0.031832942175295559],[0,0,0.023750919969273782,1,0.023750919969273782],[0,0,0.031832942175295559,0.023750919969273782,1]]}