{"matrix_with_context":[[1,0.40570061213457737,0,0,0],[0.40570061213457737,1,0,0,0],[0,0,1,0.0029768564767243791,0.0029768564767243791],[0,0,0.0029768564767243791,1,0.42302470364712408],[0,0,0.0029768564767243791,0.42302470364712408,1]],"matrix_without_context":[[1,0.60885440507873478,0,0,0],[0.60885440507873478,1,0,0,0],[0,0,1,0.011999098976908526,0.03753427281233495],[0,0,0.011999098976908526,1,0.25218762567544],[0,0,0.03753427281233495,0.25218762567544,1]]}