{"matrix_with_context":[[1,0.027346467968911305,0.016392641167004989,0.020824021082567559,0.0029768564767243791,0.0034538575892268568,0.020824021082567559,0,0,0,0,0,0],[0.027346467968911305,1,0.56470905735878529,0.53877983779138638,0.46243130793865689,0.22473070243894697,0.068393360620739807,0,0,0,0,0,0],[0.016392641167004989,0.56470905735878529,1,0.30850382211040417,0.29054636929714839,0.11033862621988332,0.023750919969273782,0,0,0,0,0,0],[0.020824021082567559,0.53877983779138638,0.30850382211040417,1,0.302605583653328,0.049501276671065977,0.03753427281233495,0,0,0,0,0,0],[0.0029768564767243791,0.46243130793865689,0.29054636929714839,0.302605583653328,1,0.45797472464962458,0.22473070243894697,0,0,0,0,0,0],[0.0034538575892268568,0.22473070243894697,0.11033862621988332,0.049501276671065977,0.45797472464962458,1,0.43942422276410337,0,0,0,0,0,0],[0.020824021082567559,0.068393360620739807,0.023750919969273782,0.03753427281233495,0.22473070243894697,0.43942422276410337,1,0.03753427281233495,0,0.03753427281233495,0,0.03753427281233495,0.03753427281233495],[0,0,0,0,0,0,0.03753427281233495,1,1,1,0.95170208119026189,1,1],[0,0,0,0,0,0,0,1,1,1,0.95242816618006232,1,1],[0,0,0,0,0,0,0.03753427281233495,1,1,1,0.95170208119026189,1,1],[0,0,0,0,0,0,0,0.95170208119026189,0.95242816618006232,0.95170208119026189,1,0.95095349168693977,0.94938448091023209],[0,0,0,0,0,0,0.03753427281233495,1,1,1,0.95095349168693977,1,1],[0,0,0,0,0,0,0.03753427281233495,1,1,1,0.94938448091023209,1,1]],"matrix_without_context":[[1,0.03753427281233495,0.019560431003895665,0.03753427281233495,0,0,0,0,0,0,0,0,0],[0.03753427281233495,1,0.60074275976456537,0.27812910984475858,0.16529617667111993,0.068393360620739807,0.016392641167004989,0,0,0,0,0.03753427281233495,0],[0.019560431003895665,0.60074275976456537,1,0.32568784022388853,0.5442033162640002,0.63135375081592382,0.25218762567544,0,0,0,0,1,0],[0.03753427281233495,0.27812910984475858,0.32568784022388853,1,0.011999098976908526,0,0.016392641167004989,0,0,0,0,0.03753427281233495,0],[0,0.16529617667111993,0.5442033162640002,0.011999098976908526,1,0.32568784022388853,0.16529617667111993,0.03753427281233495,0,0.10097928530584227,0.03753427281233495,0.03753427281233495,0.023750919969273782],[0,0.068393360620739807,0.63135375081592382,0,0.32568784022388853,1,0.64498740176247749,0.16529617667111993,0,0.32568784022388853,0.16529617667111993,0.32568784022388853,0.32568784022388853],[0,0.016392641167004989,0.25218762567544,0.016392641167004989,0.16529617667111993,0.64498740176247749,1,0.25218762567544,0.16529617667111993,0.38738178682260033,0.32568784022388853,0.32568784022388853,0.40570061213457737],[0,0,0,0,0.03753427281233495,0.16529617667111993,0.25218762567544,1,1,1,1,1,0.9440113212095137],[0,0,0,0,0,0,0.16529617667111993,1,1,1,1,1,0.93340820557187709],[0,0,0,0,0.10097928530584227,0.32568784022388853,0.38738178682260033,1,1,1,1,1,0.94856172512354742],[0,0,0,0,0.03753427281233495,0.16529617667111993,0.32568784022388853,1,1,1,1,1,0.94683328843174164],[0,0.03753427281233495,1,0.03753427281233495,0.03753427281233495,0.32568784022388853,0.32568784022388853,1,1,1,1,1,0.94683328843174164],[0,0,0,0,0.023750919969273782,0.32568784022388853,0.40570061213457737,0.9440113212095137,0.93340820557187709,0.94856172512354742,0.94683328843174164,0.94683328843174164,1]]}