{"matrix_with_context":[[1,0.0064843534204155418,0.018408999651278343,0,0.011999098976908526,0.020824021082567559,0.020824021082567559,0.0022777924281824243,0.0029768564767243791,0,0,0.0058489631431305625],[0.0064843534204155418,1,0.344423617934296,0.21436663302181624,0.23589722086215964,0.16529617667111993,0.13356650750221294,0.0072294319155411183,0.011999098976908526,0.011999098976908526,0,0.0040555704522478525],[0.018408999651278343,0.344423617934296,1,0.16529617667111993,0.737544897130348,0.61664838769664443,0.61664838769664443,0.23589722086215964,0.32568784022388853,0.22473070243894697,0,0.0072294319155411183],[0,0.21436663302181624,0.16529617667111993,1,0.16529617667111993,0.11033862621988332,0.054807239502536013,0.0058489631431305625,0.0091647995840171727,0.0091647995840171727,0,0],[0.011999098976908526,0.23589722086215964,0.737544897130348,0.16529617667111993,1,0.88504069074476588,0.90270379534291678,0.72625338056190414,0.88906797073604538,0.81957697688458475,0.16529617667111993,0],[0.020824021082567559,0.16529617667111993,0.61664838769664443,0.11033862621988332,0.88504069074476588,1,0.86259838045151771,0.5695571072448129,0.737544897130348,0.65143769059785506,0,0],[0.020824021082567559,0.13356650750221294,0.61664838769664443,0.054807239502536013,0.90270379534291678,0.86259838045151771,1,0.62043190647442548,0.77475024407828419,0.66946987211284359,0,0],[0.0022777924281824243,0.0072294319155411183,0.23589722086215964,0.0058489631431305625,0.72625338056190414,0.5695571072448129,0.62043190647442548,1,0.737544897130348,0.63135375081592382,0.10097928530584227,0],[0.0029768564767243791,0.011999098976908526,0.32568784022388853,0.0091647995840171727,0.88906797073604538,0.737544897130348,0.77475024407828419,0.737544897130348,1,0.81429444204748158,0.21042811478322881,0],[0,0.011999098976908526,0.22473070243894697,0.0091647995840171727,0.81957697688458475,0.65143769059785506,0.66946987211284359,0.63135375081592382,0.81429444204748158,1,0.32568784022388853,0.0091647995840171727],[0,0,0,0,0.16529617667111993,0,0,0.10097928530584227,0.21042811478322881,0.32568784022388853,1,0.019560431003895665],[0.0058489631431305625,0.0040555704522478525,0.0072294319155411183,0,0,0,0,0,0,0.0091647995840171727,0.019560431003895665,1]],"matrix_without_context":[[1,0.53877983779138638,0.66946987211284359,0.5442033162640002,0.43942422276410337,0.80869414296759312,0.4837036383374641,0.16529617667111993,0.16529617667111993,0,0,0],[0.53877983779138638,1,0.46243130793865689,0.41963602566300873,0.16529617667111993,0.5442033162640002,0.29054636929714839,0.03753427281233495,0.03753427281233495,0,0,0],[0.66946987211284359,0.46243130793865689,1,0.367993311389692,0.58348764142472931,0.88906797073604538,0.76646943453263383,0.32568784022388853,0.32568784022388853,0,0,0],[0.5442033162640002,0.41963602566300873,0.367993311389692,1,0.16529617667111993,0.60885440507873478,0.27812910984475858,0.068393360620739807,0.068393360620739807,0,0,0],[0.43942422276410337,0.16529617667111993,0.58348764142472931,0.16529617667111993,1,1,0.74794679924355634,1,1,1,0.32568784022388853,0.43942422276410337],[0.80869414296759312,0.5442033162640002,0.88906797073604538,0.60885440507873478,1,1,0.90560488392429139,1,1,1,0,0],[0.4837036383374641,0.29054636929714839,0.76646943453263383,0.27812910984475858,0.74794679924355634,0.90560488392429139,1,0.52173098990921374,0.32568784022388853,0.16529617667111993,0,0],[0.16529617667111993,0.03753427281233495,0.32568784022388853,0.068393360620739807,1,1,0.52173098990921374,1,1,1,0.32568784022388853,0.43942422276410337],[0.16529617667111993,0.03753427281233495,0.32568784022388853,0.068393360620739807,1,1,0.32568784022388853,1,1,1,0.66946987211284359,0.700507010760774],[0,0,0,0,1,1,0.16529617667111993,1,1,1,0.84589079041384407,0.82929087416122771],[0,0,0,0,0.32568784022388853,0,0,0.32568784022388853,0.66946987211284359,0.84589079041384407,1,0.81429444204748158],[0,0,0,0,0.43942422276410337,0,0,0.43942422276410337,0.700507010760774,0.82929087416122771,0.81429444204748158,1]]}