{"matrix_with_context":[[1,0,0,0,0,0,0,0,0,0],[0,1,0.16529617667111993,0.029461036605717937,0.71395404202537516,0.52173098990921374,0.38738178682260033,0.25218762567544,0.38738178682260033,0.068393360620739807],[0,0.16529617667111993,1,0.30850382211040417,0.16529617667111993,0.11734011782473977,0.10097928530584227,0.016392641167004989,0.03753427281233495,0.0091647995840171727],[0,0.029461036605717937,0.30850382211040417,1,0,0,0.016392641167004989,0,0,0.0058489631431305625],[0,0.71395404202537516,0.16529617667111993,0,1,0.90560488392429139,1,0.52173098990921374,1,0.11734011782473977],[0,0.52173098990921374,0.11734011782473977,0,0.90560488392429139,1,0.85303806821857564,0.52173098990921374,0.86551495514281218,0.16529617667111993],[0,0.38738178682260033,0.10097928530584227,0.016392641167004989,1,0.85303806821857564,1,0.65143769059785506,1,0.25218762567544],[0,0.25218762567544,0.016392641167004989,0,0.52173098990921374,0.52173098990921374,0.65143769059785506,1,0.66946987211284359,0.46970564488467387],[0,0.38738178682260033,0.03753427281233495,0,1,0.86551495514281218,1,0.66946987211284359,1,0.29054636929714839],[0,0.068393360620739807,0.0091647995840171727,0.0058489631431305625,0.11734011782473977,0.16529617667111993,0.25218762567544,0.46970564488467387,0.29054636929714839,1]],"matrix_without_context":[[1,0,0.068393360620739807,0.013938903334611591,0,0,0.03753427281233495,0,0,0],[0,1,0.49700969553598839,0.011999098976908526,0.89282284594887551,1,0.32568784022388853,0.25218762567544,0.32568784022388853,0.16529617667111993],[0.068393360620739807,0.49700969553598839,1,0.03753427281233495,0.3578733656260219,0.22473070243894697,0.023750919969273782,0.016392641167004989,0.023750919969273782,0],[0.013938903334611591,0.011999098976908526,0.03753427281233495,1,0.0091647995840171727,0.011999098976908526,0.0091647995840171727,0.0072294319155411183,0.0091647995840171727,0.0091647995840171727],[0,0.89282284594887551,0.3578733656260219,0.0091647995840171727,1,0.84589079041384407,0.25218762567544,0.16529617667111993,0.32568784022388853,0.068393360620739807],[0,1,0.22473070243894697,0.011999098976908526,0.84589079041384407,1,0.79641865773734644,0.700507010760774,0.88504069074476588,0.72625338056190414],[0.03753427281233495,0.32568784022388853,0.023750919969273782,0.0091647995840171727,0.25218762567544,0.79641865773734644,1,0.16529617667111993,0.74794679924355634,0.068393360620739807],[0,0.25218762567544,0.016392641167004989,0.0072294319155411183,0.16529617667111993,0.700507010760774,0.16529617667111993,1,0.56470905735878529,0.58348764142472931],[0,0.32568784022388853,0.023750919969273782,0.0091647995840171727,0.32568784022388853,0.88504069074476588,0.74794679924355634,0.56470905735878529,1,0.4837036383374641],[0,0.16529617667111993,0,0.0091647995840171727,0.068393360620739807,0.72625338056190414,0.068393360620739807,0.58348764142472931,0.4837036383374641,1]]}