{"matrix_with_context":[[1,1,1,1,0.68881211586472613,0.91993097384579448,0,0,0,0,0,0],[1,1,1,1,0.700507010760774,0.93197692469577953,0,0,0,0,0,0],[1,1,1,1,0.700507010760774,0.91993097384579448,0,0,0,0,0,0],[1,1,1,1,0.700507010760774,0.92728861586556688,0,0,0,0,0,0],[0.68881211586472613,0.700507010760774,0.700507010760774,0.700507010760774,1,0.66366766451804249,0,0,0,0,0,0],[0.91993097384579448,0.93197692469577953,0.91993097384579448,0.92728861586556688,0.66366766451804249,1,0,0,0,0,0,0],[0,0,0,0,0,0,1,0.88906797073604538,0.832300980355251,0.89282284594887551,0.89282284594887551,0.8909777033503703],[0,0,0,0,0,0,0.88906797073604538,1,0.93478051224678316,1,1,1],[0,0,0,0,0,0,0.832300980355251,0.93478051224678316,1,0.93478051224678316,0.93478051224678316,0.93478051224678316],[0,0,0,0,0,0,0.89282284594887551,1,0.93478051224678316,1,1,1],[0,0,0,0,0,0,0.89282284594887551,1,0.93478051224678316,1,1,1],[0,0,0,0,0,0,0.8909777033503703,1,0.93478051224678316,1,1,1]],"matrix_without_context":[[1,0.56470905735878529,0.6576605631976371,0.88071027878047436,0.367993311389692,0.12709828237865858,0.16529617667111993,0,0.27812910984475858,0,0.16529617667111993,0.016392641167004989],[0.56470905735878529,1,0.38738178682260033,0.737544897130348,0.5695571072448129,0.42302470364712408,0.16529617667111993,0,0.11734011782473977,0,0,0],[0.6576605631976371,0.38738178682260033,1,0.75755963235550883,0.29054636929714839,0.16529617667111993,0.10097928530584227,0,0.023750919969273782,0.016392641167004989,0.10097928530584227,0.03753427281233495],[0.88071027878047436,0.737544897130348,0.75755963235550883,1,0.58348764142472931,0.3578733656260219,0.43942422276410337,0.023750919969273782,0.25218762567544,0.03753427281233495,0.43942422276410337,0.068393360620739807],[0.367993311389692,0.5695571072448129,0.29054636929714839,0.58348764142472931,1,0.302605583653328,0.03753427281233495,0,0.11734011782473977,0.016392641167004989,0.03753427281233495,0.011999098976908526],[0.12709828237865858,0.42302470364712408,0.16529617667111993,0.3578733656260219,0.302605583653328,1,0.16529617667111993,0.0072294319155411183,0.068393360620739807,0.029461036605717937,0.12709828237865858,0.044938057663749864],[0.16529617667111993,0.16529617667111993,0.10097928530584227,0.43942422276410337,0.03753427281233495,0.16529617667111993,1,0.32568784022388853,0.22473070243894697,0.43942422276410337,0.66946987211284359,0.37588203934864839],[0,0,0,0.023750919969273782,0,0.0072294319155411183,0.32568784022388853,1,0.011999098976908526,0.26348866736294896,0.3984965425184302,0.11734011782473977],[0.27812910984475858,0.11734011782473977,0.023750919969273782,0.25218762567544,0.11734011782473977,0.068393360620739807,0.22473070243894697,0.011999098976908526,1,0.087874376711873176,0.10097928530584227,0.068393360620739807],[0,0,0.016392641167004989,0.03753427281233495,0.016392641167004989,0.029461036605717937,0.43942422276410337,0.26348866736294896,0.087874376711873176,1,0.6416731110615701,0.26348866736294896],[0.16529617667111993,0,0.10097928530584227,0.43942422276410337,0.03753427281233495,0.12709828237865858,0.66946987211284359,0.3984965425184302,0.10097928530584227,0.6416731110615701,1,0.45797472464962458],[0.016392641167004989,0,0.03753427281233495,0.068393360620739807,0.011999098976908526,0.044938057663749864,0.37588203934864839,0.11734011782473977,0.068393360620739807,0.26348866736294896,0.45797472464962458,1]]}