{"matrix_with_context":[[1,0.0034538575892268568,0.0040555704522478525,0.0048296546113252709,0.0048296546113252709,0.0040555704522478525,0,0.0040555704522478525],[0.0034538575892268568,1,0.81957697688458475,0.86259838045151771,0.85636909672498807,0.80068132633020217,0.82456797807736715,0.77738206260364073],[0.0040555704522478525,0.81957697688458475,1,0.94195751511670334,0.91993097384579448,0.85303806821857564,0.92728861586556688,0.84954912628525936],[0.0048296546113252709,0.86259838045151771,0.94195751511670334,1,1,0.91993097384579448,1,0.91566428005117884],[0.0048296546113252709,0.85636909672498807,0.91993097384579448,1,1,0.9373622021676894,1,0.91566428005117884],[0.0040555704522478525,0.80068132633020217,0.85303806821857564,0.91993097384579448,0.9373622021676894,1,0.90833807169528191,0.84589079041384407],[0,0.82456797807736715,0.92728861586556688,1,1,0.90833807169528191,1,0.89633202970679726],[0.0040555704522478525,0.77738206260364073,0.84954912628525936,0.91566428005117884,0.91566428005117884,0.84589079041384407,0.89633202970679726,1]],"matrix_without_context":[[1,0.11734011782473977,0.13356650750221294,0.03753427281233495,0.068393360620739807,0.049501276671065977,0.011999098976908526,0.087874376711873176],[0.11734011782473977,1,0.77475024407828419,0.81429444204748158,1,0.82929087416122771,0.72625338056190414,0.58348764142472931],[0.13356650750221294,0.77475024407828419,1,0.66069038817449055,0.66946987211284359,0.60074275976456537,0.63135375081592382,0.32568784022388853],[0.03753427281233495,0.81429444204748158,0.66069038817449055,1,0.71395404202537516,0.63135375081592382,0.66069038817449055,0.367993311389692],[0.068393360620739807,1,0.66946987211284359,0.71395404202537516,1,0.89961885562938126,0.68574563429279045,0.52173098990921374],[0.049501276671065977,0.82929087416122771,0.60074275976456537,0.63135375081592382,0.89961885562938126,1,0.60074275976456537,0.32568784022388853],[0.011999098976908526,0.72625338056190414,0.63135375081592382,0.66069038817449055,0.68574563429279045,0.60074275976456537,1,0.32568784022388853],[0.087874376711873176,0.58348764142472931,0.32568784022388853,0.367993311389692,0.52173098990921374,0.32568784022388853,0.32568784022388853,1]]}