{"matrix_with_context":[[1,0.40570061213457737,0.010438766674641539,0,0,0,0,0,0,0,0,0],[0.40570061213457737,1,0.0081110432278934559,0.023750919969273782,0.023750919969273782,0,0,0.023750919969273782,0,0.016392641167004989,0,0],[0.010438766674641539,0.0081110432278934559,1,0,0,0,0,0,0,0,0,0],[0,0.023750919969273782,0,1,1,0.3578733656260219,1,1,0.32568784022388853,0.74794679924355634,0.03753427281233495,0.32568784022388853],[0,0.023750919969273782,0,1,1,0.3578733656260219,1,1,0.43942422276410337,0.782466108322267,0.03753427281233495,0.32568784022388853],[0,0,0,0.3578733656260219,0.3578733656260219,1,0,0.11734011782473977,0.049501276671065977,0,0.0091647995840171727,0.16529617667111993],[0,0,0,1,1,0,1,1,0.79641865773734644,0.89282284594887551,0.52173098990921374,0.782466108322267],[0,0.023750919969273782,0,1,1,0.11734011782473977,1,1,0.92892155650183061,0.87604121144607516,0.76646943453263383,0.92190648315005508],[0,0,0,0.32568784022388853,0.43942422276410337,0.049501276671065977,0.79641865773734644,0.92892155650183061,1,0.77475024407828419,0.70738370698597275,0.85955267948711633],[0,0.016392641167004989,0,0.74794679924355634,0.782466108322267,0,0.89282284594887551,0.87604121144607516,0.77475024407828419,1,0.55468612964981845,0.737544897130348],[0,0,0,0.03753427281233495,0.03753427281233495,0.0091647995840171727,0.52173098990921374,0.76646943453263383,0.70738370698597275,0.55468612964981845,1,0.700507010760774],[0,0,0,0.32568784022388853,0.32568784022388853,0.16529617667111993,0.782466108322267,0.92190648315005508,0.85955267948711633,0.737544897130348,0.700507010760774,1]],"matrix_without_context":[[1,0.22473070243894697,0,0.52173098990921374,0.38738178682260033,0.03753427281233495,0.58348764142472931,0.049501276671065977,0,0.75755963235550883,0.03753427281233495,0],[0.22473070243894697,1,0,0.46970564488467387,0.23589722086215964,0.4144824997410867,0.11734011782473977,0.302605583653328,0.11734011782473977,0.32568784022388853,0.11734011782473977,0.25218762567544],[0,0,1,0.087874376711873176,0.0091647995840171727,0.13356650750221294,0,0.0927848763623698,0.27812910984475858,0.016392641167004989,0.38738178682260033,0.38738178682260033],[0.52173098990921374,0.46970564488467387,0.087874376711873176,1,0.58348764142472931,0.40570061213457737,0.27812910984475858,0.23589722086215964,0.03753427281233495,0.65143769059785506,0.22473070243894697,0.16529617667111993],[0.38738178682260033,0.23589722086215964,0.0091647995840171727,0.58348764142472931,1,0.12709828237865858,0.20166435442006905,0.11033862621988332,0,0.4837036383374641,0.016392641167004989,0],[0.03753427281233495,0.4144824997410867,0.13356650750221294,0.40570061213457737,0.12709828237865858,1,0.023750919969273782,0.38738178682260033,0.3578733656260219,0.16529617667111993,0.32568784022388853,0.52173098990921374],[0.58348764142472931,0.11734011782473977,0,0.27812910984475858,0.20166435442006905,0.023750919969273782,1,0.011999098976908526,0,0.69082370811937455,0.023750919969273782,0.068393360620739807],[0.049501276671065977,0.302605583653328,0.0927848763623698,0.23589722086215964,0.11033862621988332,0.38738178682260033,0.011999098976908526,1,0.5442033162640002,0.087874376711873176,0.43942422276410337,0.60885440507873478],[0,0.11734011782473977,0.27812910984475858,0.03753427281233495,0,0.3578733656260219,0,0.5442033162640002,1,0.03753427281233495,0.5695571072448129,0.81957697688458475],[0.75755963235550883,0.32568784022388853,0.016392641167004989,0.65143769059785506,0.4837036383374641,0.16529617667111993,0.69082370811937455,0.087874376711873176,0.03753427281233495,1,0.10097928530584227,0.16529617667111993],[0.03753427281233495,0.11734011782473977,0.38738178682260033,0.22473070243894697,0.016392641167004989,0.32568784022388853,0.023750919969273782,0.43942422276410337,0.5695571072448129,0.10097928530584227,1,0.68574563429279045],[0,0.25218762567544,0.38738178682260033,0.16529617667111993,0,0.52173098990921374,0.068393360620739807,0.60885440507873478,0.81957697688458475,0.16529617667111993,0.68574563429279045,1]]}