{"matrix_with_context":[[1,0.11288701516131332,0.12709828237865858,0,0.0014567619608943834,0.0072294319155411183,0,0,0],[0.11288701516131332,1,0.50718819387846492,0,0.0025923195846382528,0.03753427281233495,0,0,0],[0.12709828237865858,0.50718819387846492,1,0,0.0029768564767243791,0,0,0,0],[0,0,0,1,0,0.37920794444445788,0.26793175283660747,0.36224629726423152,0.0048296546113252709],[0.0014567619608943834,0.0025923195846382528,0.0029768564767243791,0,1,0.042891985515912841,0.041731412759274479,0.042891985515912841,0.054807239502536013],[0.0072294319155411183,0.03753427281233495,0,0.37920794444445788,0.042891985515912841,1,0.75443744939597512,1,0.56470905735878529],[0,0,0,0.26793175283660747,0.041731412759274479,0.75443744939597512,1,0.76060379900416775,0.302605583653328],[0,0,0,0.36224629726423152,0.042891985515912841,1,0.76060379900416775,1,0.56470905735878529],[0,0,0,0.0048296546113252709,0.054807239502536013,0.56470905735878529,0.302605583653328,0.56470905735878529,1]],"matrix_without_context":[[1,0.12709828237865858,0.13816512106135553,0,0.013938903334611591,0,0,0,0.023750919969273782],[0.12709828237865858,1,0.302605583653328,0,0.0048296546113252709,0,0,0,0],[0.13816512106135553,0.302605583653328,1,0,0.0034538575892268568,0,0,0,0],[0,0,0,1,0,0.82929087416122771,0.81957697688458475,0.77205572242034937,0],[0.013938903334611591,0.0048296546113252709,0.0034538575892268568,0,1,0,0,0,0.0058489631431305625],[0,0,0,0.82929087416122771,0,1,1,0.92728861586556688,0],[0,0,0,0.81957697688458475,0,1,1,0.92557890878718818,0],[0,0,0,0.77205572242034937,0,0.92728861586556688,0.92557890878718818,1,0],[0.023750919969273782,0,0,0,0.0058489631431305625,0,0,0,1]]}