{"matrix_with_context":[[1,0.0091647995840171727,0.0091647995840171727,0],[0.0091647995840171727,1,0.16529617667111993,0],[0.0091647995840171727,0.16529617667111993,1,0],[0,0,0,1]],"matrix_without_context":[[1,0.068393360620739807,0.057790890043389789,0],[0.068393360620739807,1,0.082275448418156774,0.011999098976908526],[0.057790890043389789,0.082275448418156774,1,0],[0,0.011999098976908526,0,1]]}