{"matrix_with_context":[[1,0.782466108322267,0.28526904819372234,0.0058489631431305625,0,0,0,0,0,0],[0.782466108322267,1,0.21660451007200782,0.0058489631431305625,0,0,0,0,0,0],[0.28526904819372234,0.21660451007200782,1,0.0025923195846382528,0,0,0,0,0,0],[0.0058489631431305625,0.0058489631431305625,0.0025923195846382528,1,0.0072294319155411183,0,0,0,0.0058489631431305625,0],[0,0,0,0.0072294319155411183,1,0.45115654190264304,0.45115654190264304,0.43942422276410337,0.42859061712601043,0.38104164049049827],[0,0,0,0,0.45115654190264304,1,1,1,0.9440113212095137,0.93478051224678316],[0,0,0,0,0.45115654190264304,1,1,1,0.9440113212095137,0.93478051224678316],[0,0,0,0,0.43942422276410337,1,1,1,0.940873064963423,0.93478051224678316],[0,0,0,0.0058489631431305625,0.42859061712601043,0.9440113212095137,0.9440113212095137,0.940873064963423,1,0.87604121144607516],[0,0,0,0,0.38104164049049827,0.93478051224678316,0.93478051224678316,0.93478051224678316,0.87604121144607516,1]],"matrix_without_context":[[1,0.72625338056190414,0.40570061213457737,0.023750919969273782,0,0,0,0,0,0],[0.72625338056190414,1,0.76646943453263383,0.03753427281233495,0,1,1,0,0,0],[0.40570061213457737,0.76646943453263383,1,0,0,0,0,0,0,0.03753427281233495],[0.023750919969273782,0.03753427281233495,0,1,0,0,0,0,0,0],[0,0,0,0,1,0.049501276671065977,0.016392641167004989,0.016392641167004989,0.03753427281233495,0],[0,1,0,0,0.049501276671065977,1,1,1,0.92557890878718818,0.76646943453263383],[0,1,0,0,0.016392641167004989,1,1,1,0.93048278580024735,0.75755963235550883],[0,0,0,0,0.016392641167004989,1,1,1,0.91335582996733766,0.76646943453263383],[0,0,0,0,0.03753427281233495,0.92557890878718818,0.93048278580024735,0.91335582996733766,1,0.64498740176247749],[0,0,0.03753427281233495,0,0,0.76646943453263383,0.75755963235550883,0.76646943453263383,0.64498740176247749,1]]}