{"matrix_with_context":[[1,0.016392641167004989,0.013938903334611591,0.0064843534204155418,0,0,0,0,0,0,0,0.0034538575892268568,0.0034538575892268568],[0.016392641167004989,1,0.86551495514281218,0.0091647995840171727,0,0,0,0,0,0,0,0,0],[0.013938903334611591,0.86551495514281218,1,0.0072294319155411183,0,0,0,0,0,0,0,0,0],[0.0064843534204155418,0.0091647995840171727,0.0072294319155411183,1,0.14426559739093756,0.24060777066588548,0.079173757109080284,0.13816512106135553,0.019560431003895665,0.068393360620739807,0.068393360620739807,0.0058489631431305625,0.0058489631431305625],[0,0,0,0.14426559739093756,1,0.75755963235550883,0.32568784022388853,0.55468612964981845,0.023750919969273782,0.40570061213457737,0.16529617667111993,0.023750919969273782,0.068393360620739807],[0,0,0,0.24060777066588548,0.75755963235550883,1,0.81429444204748158,1,0.25218762567544,0.81957697688458475,0.700507010760774,0.16529617667111993,0.068393360620739807],[0,0,0,0.079173757109080284,0.32568784022388853,0.81429444204748158,1,0.84954912628525936,0.16529617667111993,0.6576605631976371,0.43942422276410337,0.023750919969273782,0.068393360620739807],[0,0,0,0.13816512106135553,0.55468612964981845,1,0.84954912628525936,1,0.55468612964981845,0.90833807169528191,0.83801418019047558,0.32568784022388853,0.25218762567544],[0,0,0,0.019560431003895665,0.023750919969273782,0.25218762567544,0.16529617667111993,0.55468612964981845,1,0.63135375081592382,0.69082370811937455,0.43942422276410337,0.29054636929714839],[0,0,0,0.068393360620739807,0.40570061213457737,0.81957697688458475,0.6576605631976371,0.90833807169528191,0.63135375081592382,1,0.81957697688458475,0.52173098990921374,0.43942422276410337],[0,0,0,0.068393360620739807,0.16529617667111993,0.700507010760774,0.43942422276410337,0.83801418019047558,0.69082370811937455,0.81957697688458475,1,0.60074275976456537,0.40570061213457737],[0.0034538575892268568,0,0,0.0058489631431305625,0.023750919969273782,0.16529617667111993,0.023750919969273782,0.32568784022388853,0.43942422276410337,0.52173098990921374,0.60074275976456537,1,0.11734011782473977],[0.0034538575892268568,0,0,0.0058489631431305625,0.068393360620739807,0.068393360620739807,0.068393360620739807,0.25218762567544,0.29054636929714839,0.43942422276410337,0.40570061213457737,0.11734011782473977,1]],"matrix_without_context":[[1,0,0,0.087874376711873176,0.11033862621988332,0.044938057663749864,0,0,0,0,0,0,0],[0,1,0.86551495514281218,0,0,0,0,0,0,0,0,0.16529617667111993,0],[0,0.86551495514281218,1,0,0,0,0,0,0,0,0,0,0],[0.087874376711873176,0,0,1,0.32568784022388853,0.367993311389692,0.0091647995840171727,0.087874376711873176,0,0.11734011782473977,0.11734011782473977,0,0.068393360620739807],[0.11033862621988332,0,0,0.32568784022388853,1,0.61664838769664443,0,0.16529617667111993,0,0.32568784022388853,0.32568784022388853,0,0.32568784022388853],[0.044938057663749864,0,0,0.367993311389692,0.61664838769664443,1,0.016392641167004989,0.10097928530584227,0,0.068393360620739807,0.068393360620739807,0,0.068393360620739807],[0,0,0,0.0091647995840171727,0,0.016392641167004989,1,0.4837036383374641,0.068393360620739807,0.43942422276410337,0.46970564488467387,0.40570061213457737,0.40570061213457737],[0,0,0,0.087874376711873176,0.16529617667111993,0.10097928530584227,0.4837036383374641,1,0.4837036383374641,0.91785296792380566,0.91566428005117884,0.89282284594887551,0.90270379534291678],[0,0,0,0,0,0,0.068393360620739807,0.4837036383374641,1,0.64498740176247749,0.700507010760774,0.70960684217289294,0.700507010760774],[0,0,0,0.11734011782473977,0.32568784022388853,0.068393360620739807,0.43942422276410337,0.91785296792380566,0.64498740176247749,1,1,1,1],[0,0,0,0.11734011782473977,0.32568784022388853,0.068393360620739807,0.46970564488467387,0.91566428005117884,0.700507010760774,1,1,1,1],[0,0.16529617667111993,0,0,0,0,0.40570061213457737,0.89282284594887551,0.70960684217289294,1,1,1,1],[0,0,0,0.068393360620739807,0.32568784022388853,0.068393360620739807,0.40570061213457737,0.90270379534291678,0.700507010760774,1,1,1,1]]}