{"matrix_with_context":[[1,1,0,0],[1,1,0,0],[0,0,1,0.40570061213457737],[0,0,0.40570061213457737,1]],"matrix_without_context":[[1,0.87604121144607516,0,0],[0.87604121144607516,1,0,0],[0,0,1,0.16529617667111993],[0,0,0.16529617667111993,1]]}